"data","station","N_10","S_10","N_max","N_KS","S_KS","alpha_par","logk_par","AIC_par","BIC_par","alpha_exp","logk_exp","logb_exp","AIC_exp","BIC_exp"
"metaG",7,48791,1121,1849,38150,422,2.25740081512374,1.89898884386774,4225.17881185541,4233.26882248348,2.25743295386111,1.8989991028661,-10.8374876585088,4227.1788118753,4239.31382781741
"metaG",11,25932,325,2379,23794,177,1.24378654260921,1.65160705249774,1911.6508959557,1918.00319542085,0.860394967489277,1.49152259174078,-3.31858049019731,1912.13815278164,1921.66660197936
"metaG",18,35001,1039,1819,33961,935,1.79553574668207,1.32475570386321,7525.77306841982,7535.4541614784,1.74233110927786,1.31147205613559,-3.72610208816534,7527.68379086666,7542.20543045453
"metaG",22,58445,1422,1337,51904,881,1.57485651804733,1.45142584374022,7973.52243305451,7983.08454830639,1.30408581493184,1.37042260291411,-3.14258005592968,7973.72747299216,7988.07064586997
"metaG",23,40891,1282,836,33097,656,1.76943110656434,1.45553597445472,5706.194658946,5715.16698052389,1.29685285110037,1.33134366423739,-2.76976146901572,5706.24613382542,5719.70461619225
"metaG",25,86132,1524,3112,84712,1382,1.1744456319665,1.16720673731408,12106.4413976517,12116.9039716604,1.09919533808766,1.13469662930187,-3.81893716424544,12106.8200223283,12122.5138833412
"metaG",26,56372,1357,1882,55022,1222,1.34574909810718,1.18157191243527,10188.6340091786,10198.8504974581,1.20388208008386,1.1302113101088,-3.34399211157538,10188.7004510492,10204.0251834684
"metaG",30,44958,1210,1388,42874,1011,1.74755613853537,1.36757234783069,8422.04811996004,8431.88551039808,1.74224575928274,1.36617638923527,-4.84842183749799,8424.04503531588,8438.80112097294
"metaG",36,226245,2004,13127,224055,1785,0.842563566787958,0.968696285296187,16387.259533407,16398.2338807955,0.793458325821074,0.935785695623122,-4.37570267706414,16385.255742156,16401.7172632386
"metaG",38,37271,679,6655,37271,679,1.57241006852952,1.27447367134789,5596.62773800811,5605.66898026323,1.5724222847305,1.27447746314171,-12.0518815671053,5598.6277380321,5612.18960141478
"metaG",39,56502,1560,1830,53286,1251,1.44597753508543,1.21073986872789,10289.7672716335,10300.0306686545,1.29589303844383,1.16033762075108,-3.29398144640661,10290.272165415,10305.6672609464
"metaG",41,44548,864,2062,44548,864,0.994667943569327,0.927086549242618,7168.57668183502,7178.09982737263,0.798296294380425,0.82074755757607,-3.20908797829411,7164.16874223784,7178.45346054425
"metaG",46,27632,1127,561,23333,728,1.48891498863905,1.05423158243761,5393.95440654028,5403.13500863667,1.20931017765325,0.964455367817666,-2.76437294759452,5393.95540871966,5407.72631186425
"metaG",51,18407,624,1045,17607,544,1.67577069963035,1.17017494861805,4111.76081871002,4120.35871720373,1.67551201955729,1.17009624694675,-6.12710613786338,4113.76080532396,4126.65765306452
"metaG",52,46044,1343,1875,40153,838,1.36745083183694,1.13348054516388,6756.24048271224,6765.70251891321,1.35420190430359,1.12870844423988,-4.4810223203562,6758.19300032516,6772.38605462661
"metaG",64,101832,3506,3124,101832,3506,1.53435371220166,1.02056935723245,25069.3406586126,25081.6651207436,1.53420524574287,1.02052615235921,-6.23868854448872,25071.3405362258,25089.8272294222
"metaG",65,144237,3827,1521,126991,2332,1.45129786374936,1.34704659233635,20611.8076741153,20623.3166372103,1.06678566440984,1.21374547803451,-2.91727406915924,20603.337807401,20620.6012520434
"metaG",66,267236,3651,6194,267236,3651,0.873957961632682,0.927346605135373,32241.3500705461,32253.7555833095,0.680037100444353,0.800935561927017,-3.3797717595255,32204.1495716752,32222.7578408202
"metaG",67,129670,3486,2221,96344,973,1.34688518305691,1.54487414947547,9737.76185244628,9747.52262061065,1.09155778918417,1.44989058492042,-3.39700586776462,9736.45304821528,9751.09420046184
"metaG",68,39144,977,1497,33757,545,1.53590276923927,1.44792795186322,4970.1447412215,4978.74631281082,1.26333523395181,1.36309219103424,-3.15827706834292,4970.92491934557,4983.82727672956
"metaG",70,43166,1355,962,36653,812,1.5292671067345,1.26078936338811,6715.24947850697,6724.64847918729,1.24112313269467,1.1716292813994,-2.93349568660219,6715.14559307213,6729.24409409262
"metaG",72,24623,787,1340,20451,442,1.99019638556662,1.48711613896412,3750.95268286747,3759.13530263163,1.9707233637637,1.48288016259112,-4.26021494465972,3752.94798676526,3765.22191641149
"metaG",76,45163,928,2101,45163,928,1.22044129407206,1.16727046327453,8000.15482431278,8009.82088777835,0.864138477246882,1.01401694070508,-2.90045177355667,7994.68724467915,8009.1863398775
"metaG",78,19844,591,477,19134,520,1.75135800424182,1.34712485428479,4281.27627520357,4289.78393282672,0.898702207802692,1.09489475624119,-2.34364981646034,4279.1294726745,4291.89095910922
"metaG",80,441973,16343,12850,265838,4066,1.25948179905902,1.16896520748802,34608.0692504146,34620.690080403,1.18441122832464,1.13891171266325,-3.75303798317595,34606.6302326674,34625.5614776499
"metaG",81,118875,4589,1817,78288,1240,0.874185484064671,0.800483240845095,10228.239699687,10238.4854330042,0.666272370548283,0.669983075450805,-3.17264574620553,10214.614426683,10229.9830266587
"metaG",82,425001,5341,5308,420691,4910,0.954204549646861,1.15739687251362,46748.4555895982,46761.4536480398,0.657385317415222,0.980393004281541,-3.23219527841164,46681.1661299076,46700.66321757
"metaG",84,2130353,47402,21282,1589857,11921,1.00156690526954,1.27419376001822,117568.127504447,117582.899618107,0.916140891167893,1.22872164987281,-4.05993926384837,117540.44905688,117562.60722737
"metaG",85,2069738,36493,37331,1686994,10676,1.1823412450971,1.4599668446296,107619.564748934,107634.116255955,1.18142206922352,1.45953603348519,-6.39567325525591,107621.530275759,107643.357536291
"metaG",92,315020,11244,4895,194222,2622,1.09254826190533,1.10906136391246,22977.3068011745,22989.0501865031,0.945166452680784,1.03984723997794,-3.45174289565409,22969.3376408242,22986.9527188172
"metaG",98,25792,490,1228,18841,131,3.19408091633292,2.33283477491593,1451.11528039187,1456.86567503827,2.38276325077448,2.2347094485179,-3.1009925443256,1453.04756711458,1461.67315908419
"metaG",100,519765,7533,13790,387350,1069,1.11403638649833,1.91489180196867,13257.1615940135,13267.1105518355,0.866283439078395,1.7963980529614,-3.95192234173395,13252.102284423,13267.0257211561
"metaG",102,640313,4714,26991,545138,1191,1.26123487066546,2.0959822501376,15217.7512832149,15227.9163803536,1.22825152278161,2.08274763393152,-5.10727499489858,15219.4144702231,15234.6621159312
"metaG",109,109153,3246,2452,109153,3246,1.22217504733479,0.865785448137778,23456.7767270626,23468.9470845587,1.18720089800028,0.851059252848499,-3.89495083929479,23457.654877168,23475.9104134122
"metaG",110,273924,3946,17481,256924,2569,1.36897286772268,1.51807008905086,25241.7940236161,25253.4965676104,1.36432987613847,1.51632058130696,-5.40035244284623,25243.7641144549,25261.3179304463
"metaG",111,159886,2820,1972,127650,990,1.70115470542797,1.86536779361915,10600.421237142,10610.2166470282,1.28279218868038,1.75081529185748,-3.26656731992501,10599.5281411394,10614.2212559688
"metaG",122,1377896,11189,92382,1241370,2839,1.03332801553686,1.70383177814313,33266.8724383017,33278.7748526147,1.0302939218644,1.70216590410394,-6.34432486629788,33268.7834991888,33286.6371206582
"metaG",123,672080,13332,27287,672080,13332,1.18181135086183,0.863672439715225,97838.4137340404,97853.4095789193,1.18181224131655,0.863672859042561,-11.7194462436419,97840.413734096,97862.9075014143
"metaG",124,569283,4588,38152,545369,2748,1.17899019427011,1.54638474502039,28826.4717641608,28838.3090214675,1.17896873518148,1.54637274357657,-8.25798905498722,28828.4716877213,28846.2275736813
"metaG",125,802939,6502,33579,772090,4079,1.07297439803593,1.47859188482716,42965.6886650113,42978.3158792899,1.05981195359326,1.47182988115553,-5.25154786367148,42967.0128588194,42985.9536802374
"metaG",128,97705,1942,3565,91186,1360,1.22827135188245,1.23869946738424,12137.9780164069,12148.4084963644,1.1657797579511,1.21287351974964,-3.94853139855765,12138.970933385,12154.6166533212
"metaG",131,80186,736,18897,71831,240,1.23994668225685,1.89039016290476,2857.22161188693,2864.18288973362,1.23016272073925,1.88618018414049,-5.57512152807085,2859.20836245724,2869.65027922726
"metaG",132,50275,1267,3422,49165,1156,1.59816753622675,1.2945898698242,9571.24200176236,9581.34744386083,1.5866535781826,1.29115242301197,-4.53226431539329,9573.22155571783,9588.37971886552
"metaG",135,32849,994,1268,27902,578,1.59001499992863,1.31629337144277,4854.98063006319,4863.69977780054,1.51826186764431,1.295200686866,-3.68325586010618,4856.82053329415,4869.89925490016
"metaG",136,77672,1528,2867,76192,1380,1.25114327301099,1.17297881189693,11807.0392049357,11817.498882492,1.20707066989531,1.15527393735947,-4.03830336731139,11808.4332572179,11824.1227735524
"metaG",137,67707,1604,2124,64947,1337,1.38252101565307,1.24367138473031,11404.2896188005,11414.6859859547,1.22277178632467,1.18736450104238,-3.3238378527405,11404.1073435568,11419.7018942881
"metaG",138,27915,917,1191,26248,758,1.71591385368549,1.21369475737685,5822.40703227516,5831.66839904644,1.71590768034455,1.21369373205986,-10.234420661184,5824.40703229955,5838.29908245647
"metaG",142,21203,749,553,16621,388,2.38811309288825,1.5692321195797,3233.48569469881,3241.40770537806,2.10953831861693,1.52168007931645,-2.9893039664811,3235.36760830797,3247.25062432684
"metaG",143,22636,749,1806,20479,551,2.116214678496,1.4163144054113,4394.80929477665,4403.43276439495,2.11620078061043,1.41630976819291,-10.6679293973504,4396.80929479826,4409.74449922571
"metaG",144,49483,1498,785,49483,1498,1.61084291547311,1.21533908500315,11817.0155438819,11827.63931621,1.16691485549461,1.08179473560985,-2.62799149510005,11813.2917717441,11829.2274302364
"metaG",145,218129,2700,29010,142901,160,1.0323287727044,2.16691410222856,2220.44031144655,2226.59065907701,0.92517099292907,2.11137134213554,-4.7885974092145,2221.97634006611,2231.20186151181
"metaG",146,57817,1495,1102,57817,1495,1.45033098756247,1.21007324873715,12276.1603433087,12286.7801062803,1.09213812157533,1.08901753484574,-2.80465592263859,12271.6767903508,12287.6064348083
"metaG",147,32451,1041,728,32451,1041,1.58249162838136,1.17201707525094,8065.79049642426,8075.68637056149,0.945284402485946,0.963855760605514,-2.39867556742695,8060.51783628782,8075.36164749366
"metaG",148,47179,1357,629,45799,1219,1.80101470644126,1.3695998295965,10050.5212510567,10060.7328233156,1.37848416279688,1.26200187147308,-2.73470973167882,10049.7246288999,10065.0419872884
"metaG",149,78460,2775,1018,67916,1800,1.39500427063863,1.11617474865301,14240.5804361109,14251.5715199987,0.969163416055417,0.962203117450245,-2.63955454836529,14230.8522315053,14247.3388573369
"metaG",150,41421,1306,1017,31809,599,2.01443121368738,1.52568894449623,5166.51690819596,5175.30743139219,1.95989756995903,1.51427715995203,-3.8069904246856,5168.48275275041,5181.66853754476
"metaG",151,21194,774,990,16653,406,1.62968465305022,1.2208879124605,3200.75613090908,3208.76883722829,1.51313478850409,1.18816091717091,-3.31564323704435,3202.54478423657,3214.56384371537
"metaG",152,100535,2580,1649,73173,731,2.15921792059341,1.92924056181227,7512.32435306504,7521.51317998454,1.912187449342,1.88128353140709,-3.45936399931467,7514.01283674138,7527.79607712063
"metaG",155,3054804,51744,31013,3054804,51744,1.63372290967168,1.35325089162692,438530.915625189,438548.623752714,1.63372361288517,1.35325113649921,-13.582654604823,438532.915625227,438559.477816515
"metaG",158,285061,10917,7573,168292,2208,0.963880374343708,0.916972935798455,18491.2672304166,18502.6669152314,0.890913608769729,0.875995064186936,-3.85463833565494,18488.1395303878,18505.23905761
"metaG",168,58041,1419,1959,52253,920,1.60485744318492,1.45246893952779,8274.1782533764,8283.82700071649,1.37494669796678,1.3842293116544,-3.23434461290218,8274.9262254345,8289.39934644463
"metaG",173,8989897,123737,107282,7342402,43064,1.9833599085776,2.05728254931482,478572.925273956,478590.266159277,1.98335841909481,2.0572822609767,-13.4720706177719,478574.925273994,478600.936601975
"metaG",175,4974303,43715,609545,3792161,6070,1.13938240765096,1.77214845458131,70752.581054233,70766.0032820012,1.13938036264189,1.77214751638642,-13.8918816784742,70754.5810542527,70774.7143959048
"metaG",178,36227,926,2028,36227,926,1.45444584865306,1.15212009061118,7349.5889625406,7359.25071100989,1.44526706669689,1.14898054386847,-4.61758801684853,7351.56862522649,7366.06124793043
"metaG",180,195568,6316,3325,128699,1320,0.821503760320586,0.920031698281333,11970.9436080241,11981.3143820552,0.632695702643999,0.791212350969757,-3.43891728812629,11955.3959859737,11970.9521470205
"metaG",188,23424386,186620,296049,20071355,43604,1.78688497233275,2.42260499085127,571863.10259851,571880.468406847,1.78689032724977,2.42260700638586,-13.6907612601504,571865.102598651,571891.151311155
"metaG",189,961393,23369,8636,917294,19322,2.53618461368924,1.69062171072413,168358.667895633,168374.405894877,2.53617847231972,1.69062042714767,-12.0668992919721,168360.667895735,168384.274894601
"metaG",191,926572,29315,14431,592319,5507,0.935590275353397,1.06596407369568,50561.1447787716,50574.3723293501,0.849946020652393,1.01612099133825,-3.94620055037265,50545.7715459304,50565.6128717982
"metaG",193,1586986,29860,68493,1257060,8960,1.18123625125893,1.34553220111022,85632.2466344871,85646.4476854991,1.18122019811499,1.3455243629609,-8.19536183579031,85634.2464687322,85655.5480452501
"metaG",194,2998569,81956,26660,2998569,81956,1.81167799018736,1.24248554257858,626010.214296518,626028.842172112,1.81167611840228,1.24248506569935,-14.0307769082453,626012.214296528,626040.156109918
"metaG",196,1981706,45518,75460,1813503,30535,1.54014912806049,1.22404711572328,246500.592870661,246517.246128352,1.54015036499069,1.2240476419995,-14.0610661820708,246502.59287067,246527.572757207
"metaG",201,4474324,49991,18883,4188300,31891,2.72169695664767,2.2288226893608,350691.981626349,350708.721784583,2.72169049665335,2.22882138585091,-13.0489957571383,350693.981626402,350719.091863754
"metaG",205,30008432,238155,152914,29641309,204506,1.27085362607252,1.51457761209597,2059259.17163254,2059279.62833773,1.27085390101374,1.5145777893338,-14.3087545016185,2059261.17163257,2059291.85669035
"metaG",206,617745,13893,14537,585321,10765,1.0184859452419,0.910191421220747,87419.8982615607,87434.4663723803,0.925486750629294,0.861264164413544,-3.63115617078366,87394.3532559688,87416.2054221982
"metaG",208,80414,2203,4084,54060,464,2.05468134119561,1.93704648493791,4854.48244747141,4862.76221657586,2.05470982056133,1.93705436901023,-10.354389382026,4856.48244751475,4868.90210117143
"metaG",209,1228740,22125,21757,988492,5622,0.975753525763687,1.36904028181099,58493.3108504095,58506.5797359124,0.904078952609652,1.32909628665458,-4.30750523070566,58483.2977128498,58503.2010411042
"metaG",210,454603,7513,10345,454603,7513,0.82466840305957,0.693957833778109,60182.131887315,60195.9806675797,0.699982730540317,0.608157894736708,-3.51207315189212,60127.5719066473,60148.3450770444
"metaT",7,62372,441,7100,60885,336,1.09730836089562,1.67447496739109,3817.00298007027,3824.6372023902,0.709825815507287,1.4770918627062,-3.4548312089044,3814.75285530164,3826.20418878153
"metaT",11,19819,167,3477,19314,128,1.20096582654731,1.6943484657425,1425.04691652476,1430.7509770526,0.791118264490113,1.51300086534784,-3.35028286666634,1425.68631644329,1434.24240723505
"metaT",18,48753,368,3358,48363,333,1.30194120589146,1.76564910159045,3713.49362271427,3721.10990769424,0.954866942245666,1.63296769802207,-3.44302938197419,3713.30267959494,3724.72710706488
"metaT",22,38620,608,2355,28160,170,1.58373829374296,1.84056171124371,1843.29730075991,1849.56889763401,1.45506356369176,1.80341104673685,-3.90115168611623,1845.17671856816,1854.58411387931
"metaT",23,100433,618,7926,100433,618,1.02203791485266,1.50920109011627,6717.65233338147,6726.50531029638,0.855598197882152,1.42195545159003,-3.87042367925077,6716.3367790639,6729.61624443628
"metaT",25,99952,792,8100,99952,792,1.12724666417416,1.54535195890274,8439.90957965315,8449.25870243678,0.830117253493208,1.40409887942577,-3.46054011577017,8435.46265434374,8449.48633851918
"metaT",26,18044,587,673,17504,533,1.69491498602008,1.22734414883019,4149.58072634612,4158.13776919445,1.4356337763782,1.15714439055339,-2.88961726786394,4150.83812229061,4163.67368656311
"metaT",30,59019,535,2876,58769,510,1.00101602032658,1.40404942322503,5339.61959934141,5348.08842079284,0.493040729202267,1.0985696362193,-3.07707816438578,5328.51501175117,5341.21824392833
"metaT",36,53138,580,4115,50911,402,1.19515574476582,1.52611410723965,4162.69962818217,4170.69253235941,1.11656858240702,1.49253729697652,-4.14364397975772,4164.24815209357,4176.23750835943
"metaT",38,57538,432,4293,55899,326,1.74909746950882,2.09239786026614,3805.52382729185,3813.09762205458,1.02581667674929,1.87861585847634,-3.20770701015292,3805.81722344498,3817.17791558908
"metaT",39,116885,640,5953,116715,623,1.34226413854233,1.87882265349275,7201.91358288482,7210.7826759224,1.24035277407734,1.84188558727355,-4.2193767710052,7203.27855449611,7216.58219405247
"metaT",41,115205,325,20954,115037,309,0.898121263196354,1.65317745534438,3728.98896186183,3736.45564441563,0.793759799790593,1.58746087892843,-4.48982666218146,3729.63216386382,3740.83218769451
"metaT",46,37556,423,18633,36081,303,1.25364553118662,1.26866402925049,2726.7932131203,2734.22067873131,1.25362871177921,1.26865355396196,-11.3714218589262,2728.79321321536,2739.93441163189
"metaT",51,16255,343,810,16255,343,1.68045906329059,1.44812792760058,3029.68515431754,3037.36061521188,1.46234069227059,1.3900542155387,-3.18780401427451,3031.26832737323,3042.78151871473
"metaT",52,35076,399,5775,32663,243,1.7464094293055,1.88695807224413,2608.93486910218,2615.92099198886,1.74639936170209,1.88695387341177,-11.12404361029,2610.93486912713,2621.41405345716
"metaT",64,186561,1900,7930,184310,1702,1.55781621760002,1.74740029774253,17780.4255512697,17791.3046698879,1.52584563383533,1.73769249749153,-4.52586749728842,17782.2634104754,17798.5820884028
"metaT",65,196912,1094,10359,168419,307,2.19601563845296,2.71965735776565,4259.61439097129,4267.06808646646,2.19341603711375,2.7191719479147,-6.2788158329615,4261.6143382607,4272.79488150347
"metaT",66,1131535,1774,79918,1096568,947,2.14038832976549,3.05664029526622,14671.8780391092,14681.5846372956,2.14041826781036,3.05665143604165,-12.5279512543188,14673.8780391432,14688.4379364228
"metaT",67,165138,827,27167,165138,827,0.884944108716951,0.910112395653918,7196.44837036167,7205.88397975172,0.883751823218279,0.909312142524143,-6.49453406085548,7198.4307037576,7212.58411784267
"metaT",68,106815,484,5262,106174,430,1.11330444118438,1.87689025974475,5260.8365957479,5268.96416616527,0.461270674966601,1.519901053152,-3.30285492838236,5251.33200343592,5263.52335906198
"metaT",70,82456,669,7704,82456,669,1.51329752313836,1.80220213803883,7224.21116307843,7233.22273119868,1.46112071931625,1.78578689431058,-4.37368641388841,7226.06184777645,7239.57919995684
"metaT",72,144734,488,36516,143910,421,0.945266153565923,1.69993069202403,5079.95547442757,5088.04074009493,0.82886652733715,1.63160538739371,-4.39287476781197,5080.15128168914,5092.27918019019
"metaT",76,68797,519,2807,68677,507,1.55076049325536,1.8842790488102,5626.4579033016,5634.91492530879,1.40700358491323,1.84101146864467,-3.91649602753907,5628.01468110686,5640.70021411764
"metaT",78,77631,374,9073,76446,282,1.09884390786083,1.7079350698921,3246.14686852429,3253.43068266616,1.07959562504572,1.69860992667598,-5.21140818368112,3248.07465316013,3259.00037437294
"metaT",80,1903758,8077,9512,1653716,2751,2.50664999123286,2.84725816565203,38716.3344578589,38728.1738973807,1.6937339588732,2.70584667040781,-3.71599403251792,38714.2813268252,38732.040486108
"metaT",81,237523,1005,19092,235391,816,0.690160748448994,1.12369070526148,8828.78645479731,8838.19528350724,0.568656099233247,1.02191542892908,-4.20688832481129,8820.29580308298,8834.40904614787
"metaT",82,403572,1462,33940,386245,703,0.979327905871052,1.95884785157574,9216.69724252951,9225.80795631313,0.830993924442111,1.87621291164714,-4.44724139552159,9214.9936501604,9228.65972083583
"metaT",84,17062109,41643,45449,16475748,26583,2.27145062267041,2.83459794584723,379967.14899915,379983.525053536,2.20774718722236,2.8233357404197,-4.95699002709069,379968.143719983,379992.707801561
"metaT",85,21002605,31165,86566,20732406,23356,2.16405325375972,2.97294164750243,352005.265330379,352021.382548758,2.16405367872774,2.9729416612452,-12.6779116315085,352007.265330449,352031.441158017
"metaT",92,386463,4780,21658,369512,3432,1.37565295790543,1.59115354838878,34817.0371260706,34829.3189229918,1.34328485193505,1.57944162622728,-4.51263798910013,34818.4291382089,34836.8518335907
"metaT",98,74707,304,13078,72921,211,1.38493822548321,2.1637606858738,2695.78812960526,2702.49184587222,1.28081713730321,2.12723216283342,-4.46911551027769,2697.59892045647,2707.6544948569
"metaT",100,350943,3782,3567,328118,2434,1.56365929453336,1.8295082040511,26316.1374641006,26327.7320466477,1.39421476357585,1.77938934223599,-3.76395478023496,26315.4663766429,26332.8582504636
"metaT",102,571262,1649,43634,534032,592,1.22747055982914,2.41932953487785,8505.63743933074,8514.4044526005,1.16426484573597,2.39345184288118,-5.11486502797051,8507.17921852338,8520.32973842803
"metaT",109,114991,1115,5229,114991,1115,1.2005926418005,1.50211197041178,11396.8967212925,11406.9299406603,0.990003943559439,1.4112396000819,-3.56681589278949,11394.4172013895,11409.4670304412
"metaT",110,76322,593,4819,76322,593,1.20257137563358,1.61188199991092,6359.33884109115,6368.10922988915,0.992266039703096,1.52334145368386,-3.65761772975449,6358.83683843466,6371.99242163165
"metaT",111,239323,834,33376,238295,748,1.1432508584575,1.61521997946074,8172.23082669205,8181.465632648,1.14325126460268,1.61522048956363,-13.0574332964344,8174.23082669502,8188.08303562894
"metaT",122,308129,3076,20427,308129,3076,1.10975186562459,1.13820670266897,27184.3783036669,27196.4410743282,1.10953595329181,1.13809974202118,-6.92607781183767,27186.3758274577,27204.4699834496
"metaT",123,1504612,8147,54141,1502672,7953,1.35439611466284,1.82859392570803,89801.2429735309,89815.2055825209,1.35138112797797,1.82743231322943,-5.93574619877397,89803.1896438621,89824.133557347
"metaT",124,239557,2463,16275,239557,2463,1.23809821582168,1.31182476160304,22736.9563228708,22748.5745936671,1.23810185601843,1.31182846891926,-11.7633764154055,22738.9563229082,22756.3837291026
"metaT",125,231905,2928,6504,231905,2928,1.15951938479929,1.26540608298918,27107.5324105455,27119.4965602957,1.11252287783573,1.24422110586462,-4.21101159806295,27107.6809940575,27125.6272186827
"metaT",128,33951,749,993,32666,626,1.35003813729152,1.27835290597559,5493.22136059882,5502.10006134103,1.04751916042253,1.16509653318698,-3.03401503336455,5492.55110620133,5505.86915731463
"metaT",131,102340,415,29049,102260,407,0.932555938204698,1.5283912133042,4612.41369917365,4620.43132554453,0.840165070547848,1.47398664060802,-4.37283730870695,4613.0090361202,4625.03547567652
"metaT",132,87107,620,4762,83848,431,1.16963916114521,1.7453194571259,4932.08424090752,4940.21645708773,0.880849615998224,1.61896930941886,-3.6208171872063,4930.89679511332,4943.09511938363
"metaT",135,5690,207,372,5430,181,1.26179076827135,0.855896275739665,1282.71335691507,1289.1103509776,1.14518009442311,0.810205447863702,-3.18370163828779,1284.42496167539,1294.02045276918
"metaT",136,125958,787,4588,125958,787,1.10302341156481,1.65534908928975,8850.14550258643,8859.48195908326,0.702628701407483,1.45932979246543,-3.38378549569678,8841.03519897407,8855.03988371932
"metaT",137,168650,672,8490,168510,658,1.11279644685816,1.88447258147441,8072.31004430524,8081.28845416789,0.627940249257363,1.63658408742806,-3.50439582714371,8063.1583972835,8076.62601207747
"metaT",138,109629,558,14492,101913,255,1.11117711818051,1.92766047522976,3182.90212303011,3189.98465012043,1.02411988629026,1.88613950355086,-4.59015460300026,3184.48337025496,3195.10716089044
"metaT",142,38643,506,3948,38643,506,1.49459435702047,1.50956850093989,4804.15428632541,4812.60735966398,1.49458781614358,1.50956539491017,-10.5028891828586,4806.15428637786,4818.83389638572
"metaT",143,70518,520,4916,67785,363,1.24089673407698,1.7628682911385,4105.32544643265,4113.11425210118,1.07468111965027,1.69624536890548,-3.91043709652649,4106.32795222635,4118.01116072914
"metaT",144,22381,579,684,11902,100,3.8822562834011,2.26533316365714,1027.46165650957,1032.67199688154,1.50884098713324,1.9735495262479,-2.44145500407605,1029.322652009,1037.13816256697
"metaT",145,319467,1761,34779,319467,1761,1.05226616146891,1.47900061142831,18688.129417611,18699.076691828,1.02773376142762,1.46634647670565,-4.93066443054432,18689.4091826305,18705.830093956
"metaT",146,90928,666,2836,77698,237,1.95059472172055,2.42593474520877,3052.03338665576,3058.96950693803,0.487019741164525,1.97228460034384,-3.0504843548421,3050.56500355696,3060.96918398036
"metaT",147,77285,602,2588,77285,602,1.38029784506297,1.79613651297417,6671.70875623315,6680.50927112377,0.762588834591728,1.56156002744328,-3.09464905888754,6666.09125477271,6679.29202710864
"metaT",148,77559,638,5328,77559,638,1.31176191382163,1.69502434782152,6886.65021774148,6895.56689430817,0.965211373644853,1.55926283828463,-3.39331192230766,6884.93367142303,6898.30868627306
"metaT",149,86781,971,4074,76282,443,1.66094354299435,1.98092597007001,5015.16959057237,5023.35673011246,1.52041106933255,1.94232584525203,-3.96890521613259,5016.89477383565,5029.17548314579
"metaT",150,94685,727,2679,89957,460,1.40098545722727,1.96178004751096,5426.28274562139,5434.54519860036,0.691860326610686,1.68811365984327,-3.17232189337637,5421.54391484106,5433.93759430951
"metaT",151,120491,516,7073,114149,277,1.5107343133249,2.33921769583245,3680.11388739408,3687.36192240645,1.08691325769644,2.19858560731655,-3.82958274893362,3680.89895544108,3691.77100795965
"metaT",152,641295,1734,13674,602835,935,2.61191855016451,2.93193351333485,13419.0013671797,13428.6824602383,2.40101211758599,2.90068473371508,-4.4275445443104,13420.8810493228,13435.4026889107
"metaT",155,23392159,45131,55568,22275649,24450,1.61877023696037,2.73937949046723,364002.948806444,364019.157577434,1.16178477215586,2.60246226734586,-4.13318629327193,363909.384457242,363933.697613727
"metaT",158,1453878,8855,30756,1253820,3215,1.09674834016927,1.89291692423572,39728.8759354637,39741.027100737,0.979121674100525,1.83743431176968,-4.37283577398504,39722.1182078284,39740.3449557384
"metaT",168,53448,307,4825,52647,241,0.731097391994029,1.18782296153926,2614.61642638217,2621.58602024915,0.527229040782212,1.02928460008014,-3.78354907350878,2611.5064862996,2621.96087710007
"metaT",173,12341383,84532,41651,9822449,23355,1.63011442557372,2.33235671401987,303397.42667814,303413.543810886,1.40806992888853,2.26886512158798,-4.10832369622639,303369.543173099,303393.718872218
"metaT",175,117949833,40702,209088,117776775,36593,1.76549909421814,3.41108219078443,647867.353294663,647884.368519152,1.46799604186927,3.33505094188388,-4.96926120697607,647815.343641705,647840.866478437
"metaT",178,235923,537,22919,235923,537,0.788731841551185,1.57173507981782,6581.46026964055,6590.03226582957,0.639583127310784,1.46275032685136,-4.32927176556489,6577.69182096976,6590.54981525329
"metaT",180,864401,3172,25610,864401,3172,0.793201622369528,1.16571488551523,32845.1375133666,32857.2617485322,0.757537467153912,1.14001088139532,-4.89485252271511,32841.1810921304,32859.3674448787
"metaT",188,62804445,137126,60064,62512108,117839,1.10929212771574,2.17060530588533,1601615.19179162,1601634.54594075,0.788664167849775,2.01389101256268,-4.05373988326052,1600494.34522363,1600523.37644733
"metaT",189,2699648,16657,23038,2679169,14996,1.69604303351404,2.07814219913211,175349.792442939,175365.023520494,1.60487977211526,2.05376822960395,-4.26469088412228,175347.370724559,175370.217340892
"metaT",191,5961916,21556,116131,5262666,7429,1.60617626240446,2.58376987979783,105467.422723446,105481.249016524,1.33259923991619,2.50322965031813,-4.26327379618435,105455.785620314,105476.525059932
"metaT",193,7067608,24154,32112,5727160,9038,2.06846576639951,2.66324371072545,124529.35386205,124543.57224843,1.96365897793295,2.64208486521023,-4.62244899991021,124530.08621597,124551.41379554
"metaT",194,17869201,63614,24382,14350601,16160,2.41847794933079,2.95683031378511,237190.730350764,237206.110939428,1.58715290805512,2.80376700664061,-3.82931872002123,237163.628416088,237186.699299084
"metaT",196,35716767,40276,105706,34432512,23485,1.69733072361975,2.9682440769328,370819.827461547,370835.955695944,1.61047264959921,2.94516734712954,-5.17325172484857,370815.276726306,370839.469077902
"metaT",201,9413801,31693,30083,8376038,11540,1.59328084898198,2.61551985178289,165817.601480091,165832.308629171,0.781520359480135,2.33931394059942,-3.69451554095578,165701.008777703,165723.069501323
"metaT",205,79473220,167344,77471,57781511,18594,1.87707070641508,3.30988422692159,317006.529309692,317022.190498146,1.47306104236533,3.2131778232352,-4.67299251184724,316975.040379408,316998.532162089
"metaT",206,8053742,11082,40366,7244433,4610,1.79246261797755,2.99617796310121,72595.4294355232,72608.3014017952,1.64287011785835,2.95951060003694,-4.88537217450454,72595.1258450555,72614.4337944634
"metaT",208,281513,1394,12211,275755,1004,1.08512429603093,1.79450539909236,11995.5342551107,12005.3577497112,0.940800031773975,1.72427309581879,-4.17982439700168,11993.956263668,12008.6915055688
"metaT",209,11890127,17171,60887,10763898,6568,1.31295481434931,2.7558762429106,102924.589784795,102938.169714098,1.0654648783161,2.66252723090325,-4.63177990183313,102901.683792173,102922.053686127
"metaT",210,2754194,5096,42263,2532669,2047,1.83081587337225,2.92436306949025,31425.5989870536,31436.8472482249,1.72713900040073,2.89964588506813,-4.97778736507675,31427.0737305007,31443.9461222576
