"station","N_10","S_10","nmin","zeta","zeta_low","zeta_high","alpha","alpha_low","alpha_high","logk","logk_low","logk_high","logN_mean","logN_low","logN_high","KS","p_KS","CvM","p_CvM","data","sector","rejected"
7,1.84541820888262,61,0.0005382131324004,0.739052915514061,0.474351901419883,1.18315508973595,75.0913493244228,46.3836072497068,125.078836695081,0.467309247989771,0.315302514280952,0.597024460079688,0.262504694758275,0.134561209874906,0.378960406798666,0.0868303908359181,0.17825,0.0633474809307937,0.313,"metaG","Q",0
11,0.0062748123503222,2,0.0026905829596412,NA,NA,NA,NA,NA,NA,NA,NA,NA,NA,NA,NA,NA,NA,NA,NA,"metaG","Q",NA
18,0.705763318722295,26,0.0015292645627693,NA,NA,NA,NA,NA,NA,NA,NA,NA,NA,NA,NA,NA,NA,NA,NA,"metaG","Q",NA
22,3.67537460367858,107,0.0009274717121127,0.806599774876718,0.439843305538826,1.52257373031117,3.10545916024249,0.83949072895143,184.805598311036,-0.903765826157809,-1.62528910883245,1.02433417526883,0.563131687832378,0.45306288373369,0.681970181006181,0.0453038831366286,0.625,0.0431215715116046,0.41,"metaG","Q",0
23,1.40007161177019,67,0.001262284735371,0.885442144073715,0.497064385942103,1.449388287628,356.136919769214,199.485710195099,583.600707963622,0.888534661433621,0.751628924318232,0.996039601085577,0.14311219773945,0.0377387200427639,0.24275449059595,0.0656852839709946,0.4915,0.0458309548612367,0.537,"metaG","Q",0
25,4.54550264741492,73,0.0008325701440346,1.01548432319223,0.440877812367701,3.21476089664567,0.596506829007821,-0.0600678395275101,172.67792387086,-1.37007681744139,-2.26543562508408,1.0808729184378,0.695873036823243,0.455959728839206,1.08451465919965,0.0719881033063453,0.17625,0.0471759473427045,0.3315,"metaG","Q",0
26,2.69575921108037,65,0.0020728073584661,0.140168552139734,0.00380899458701467,0.495862378230794,113.262793253157,2.1045457449231,403.219231202651,1.12578381374671,-0.568506423308146,1.48721907987382,0.425207490466626,0.257194472536134,0.57828713961513,0.0741195003003214,0.372,0.0385102121917303,0.68125,"metaG","Q",0
30,0.761688905883689,25,0.0012893521005694,NA,NA,NA,NA,NA,NA,NA,NA,NA,NA,NA,NA,NA,NA,NA,NA,"metaG","Q",NA
36,23.3620261952509,268,0.0004426606858289,1.53033034118432,1.00016227587063,2.67272053574797,0.0936497074181346,-0.126093934166141,0.528127556253171,-1.9238325642921,-2.32124704281354,-1.52031993070878,1.4166526615327,1.12180201422108,2.08702555468731,0.0303580344143769,0.5845,0.0405875984408452,0.4645,"metaG","Q",0
38,5.61114057558239,23,0.0046865846514352,NA,NA,NA,NA,NA,NA,NA,NA,NA,NA,NA,NA,NA,NA,NA,NA,"metaG","Q",NA
39,4.6085784544365,146,0.0002020944332169,0.78205162847247,0.555325608112556,1.15037118549248,3.70385419457443,1.13837220094066,181.980845499228,-0.834826514488219,-1.44434021080827,0.94522882283861,0.6586719450725,0.553802108220326,0.76093512832294,0.0693361133514309,0.0225,0.144379406314554,0.00475,"metaG","Q",0
41,3.57359355888012,70,0.000915827158438,4.67931243900514,0.943719330920677,6.73400673400673,-0.0635865835567709,-0.280919941785094,0.951485697039055,-2.70094186375598,-3.04204369987977,-1.52975283317056,0.722026563035556,0.276759912971468,1.62965762493855,0.107541713259713,0.01975,0.149405459661173,0.0125,"metaG","Q",0
46,3.43670617970031,146,0.0009956617594765,1.52903787000802,0.753023884459321,3.75788355631661,1.09058604814424,0.368858266563706,6.21272780482324,-1.77321075255286,-2.40873403465256,-0.87248266050024,0.542265393426796,0.416935016856233,0.723640826291285,0.057728435059654,0.07925,0.116188784016292,0.012,"metaG","Q",0
51,0.607341415683145,23,0.0010744600838078,NA,NA,NA,NA,NA,NA,NA,NA,NA,NA,NA,NA,NA,NA,NA,NA,"metaG","Q",NA
52,3.58561648639751,120,0.0007077641729775,1.55268433144347,0.74890887279514,4.39700993217417,0.61387334127661,0.0882635688528359,3.66018832572573,-1.89729485165861,-2.62923930758814,-0.991471371280773,0.562880933265615,0.374300282424792,0.86320760181913,0.0379125891114527,0.80925,0.0325768068188612,0.62725,"metaG","Q",0
64,6.73078033659941,297,0.0005317349059796,1.95406962721745,1.37971159570685,3.02680055848779,1.47367923476968,0.807794878982704,3.27356091794973,-1.74850972223217,-2.1102431592108,-1.31131146396104,0.846570381982492,0.773256128228438,0.937506841074116,0.043744876565725,0.06325,0.0932618472957701,0.04825,"metaG","Q",0
65,13.0817688210246,409,0.0006787463849377,2.35824170248845,1.60401307173659,3.90643699041691,0.524758625787549,0.245731269979061,1.02350661521895,-2.05346984562384,-2.39217586123976,-1.7179427382781,1.19288578835508,1.06966320147042,1.42925025047025,0.0443001894642744,0.009,0.115449899479733,0.01725,"metaG","Q",0
66,10.6291320525321,304,0.0005059814232534,3.87758929518338,2.05649664299029,6.73400673400673,0.0711005023865303,-0.103237236656774,0.371369589512114,-2.64276906368845,-2.99878032029279,-2.20755598159993,1.2001126117273,0.918016024376773,1.86565449951834,0.02830250176836,0.6505,0.0433350035624736,0.468,"metaG","Q",0
67,8.17651549119117,282,0.000966353333919,6.73400673400673,1.33875116347945,6.73400673400673,0.00760034447085656,-0.126665546203568,0.348894631756221,-3.14410424267134,-3.2386554370586,-2.24805298979822,1.03253646249998,0.71163446829677,1.78177331775934,0.117529886163579,0.00025,0.887195206012618,0.00025,"metaG","Q",1
68,0.79153093191732,78,0.0002586117720078,1.9710374018122,1.07762958044886,6.45563356807476,1.81757995917081,0.581975252235473,172.973062285133,-2.02233651978365,-2.8355308736639,0.05660779703202,-0.0983343986253658,-0.224275833803437,0.0454746708644032,0.0629195078117406,0.36,0.0534528394991486,0.282,"metaG","Q",0
70,2.00539021238341,101,0.0010210332856851,0.63520243421855,0.337289781917255,1.39596242350398,13.1145899859375,1.5425988040689,194.077225783743,-0.452949644469327,-1.6188796007031,0.872974564477607,0.298635192695734,0.198561891328929,0.405178382566202,0.10129359240753,0.00175,0.143967791090044,0.00925,"metaG","Q",0
72,0.634227407695715,28,0.0008965092172353,NA,NA,NA,NA,NA,NA,NA,NA,NA,NA,NA,NA,NA,NA,NA,NA,"metaG","Q",NA
76,0.652159579565782,29,0.0009037505648441,NA,NA,NA,NA,NA,NA,NA,NA,NA,NA,NA,NA,NA,NA,NA,NA,"metaG","Q",NA
78,1.09446090819573,59,0.0007077641729775,4.38363054886127,1.23872448518452,6.73400673400673,0.587558968662863,0.130220725548971,5.87473296931195,-2.53948832736025,-2.92900134253857,-1.23490362886283,0.0658262952081402,-0.144975867116243,0.41623184972398,0.0868712567483852,0.17375,0.0688306999370795,0.19625,"metaG","Q",0
80,25.4800257097288,1130,0.0004960499724416,6.73400673400673,4.86164264168499,6.73400673400673,1.247812800153,1.07224150981236,1.6171239473858,-2.45470594624565,-2.49465559570386,-2.22970517999207,1.32941467069324,1.29183262742234,1.37857479101844,0.0844339921746078,0.00025,2.40581310748009,0.00025,"metaG","Q",1
81,7.60543374828889,507,0.0004092594960992,6.73400673400673,3.80079201827174,6.73400673400673,0.710194749499916,0.516322636283379,1.12791474806161,-2.98962967884746,-3.04814250233196,-2.61955718675865,0.685650619188785,0.600480731358234,0.83101644842681,0.143779266076693,0.00025,2.62071136745015,0.00025,"metaG","Q",1
82,23.0154951804573,341,0.000671727010143,0.892791002337441,0.629068013855698,1.29767516227245,0.547392611065485,0.165683822789314,1.49018579894289,-1.31566566038732,-1.66211675101693,-0.895547223615972,1.42293405276904,1.27064743033347,1.70696936320237,0.037951703300702,0.09475,0.075412214997534,0.08775,"metaG","Q",0
84,68.6029278484889,3014,0.0005511666360462,6.73400673400673,5.31442285201209,6.73400673400673,0.987147393357002,0.889373986504595,1.16924398456821,-2.66234211672976,-2.68789507057913,-2.5146742550226,1.65046382510193,1.618837386429,1.69721259191465,0.0597668622147471,0.00025,3.15530256717641,0.00025,"metaG","Q",1
85,142.162432447912,2182,0.0008697979392479,6.73400673400673,4.72714732241396,6.73400673400673,0.4025564079683,0.32672409731731,0.535752883171185,-2.75866387536063,-2.78719586973529,-2.55314608939492,1.78780410932821,1.69997743596325,1.97805531657685,0.07255678221637,0.00025,2.95504386481847,0.00025,"metaG","Q",1
92,20.2790133878398,876,0.0004593055300385,6.73400673400673,4.58331976667668,6.73400673400673,0.869329373003647,0.700471112352356,1.20187067076938,-2.64854636162907,-2.69465608726182,-2.39716374492024,1.17947227346126,1.11896895152312,1.26840530174158,0.0967626950104038,0.00025,2.10718294806245,0.00025,"metaG","Q",1
98,0.434673612639651,10,0.0033818058843422,NA,NA,NA,NA,NA,NA,NA,NA,NA,NA,NA,NA,NA,NA,NA,NA,"metaG","Q",NA
100,31.1511612501028,472,0.0009030024832568,6.73400673400673,3.3656265405731,6.73400673400673,0.0788284813721012,-0.0344169849221896,0.290821158980514,-2.70262929245167,-2.76280571635605,-2.27935266121042,1.57905989320209,1.32080093928375,2.20505817991249,0.0578742018773157,0.001,0.338233884984932,0.00025,"metaG","Q",1
102,22.6520275706202,274,0.0001837222120154,1.56128408076948,1.08999931246155,2.58921034925959,-0.0828539513532939,-0.251954391401415,0.215953586200381,-1.96971799236432,-2.34817100864284,-1.62308351027712,1.73714275467934,1.32188013174043,2.73795516317138,0.0517280135723604,0.014,0.195584086743184,0.001,"metaG","Q",0
109,8.5302747340444,277,0.0007141764015711,3.56099833791673,2.17433857951447,6.73400673400673,0.654792318194477,0.312313521420648,1.32749482025745,-2.1882965339316,-2.5963210528438,-1.78871707916545,0.977016150415463,0.855869169601398,1.1966569167073,0.0769245209092988,0.00025,0.288587725400063,0.00025,"metaG","Q",1
110,22.5760401395678,346,0.0009184512012374,1.17109894575517,0.850365244208075,1.66984642464667,1.08178386141262,0.525551557864375,2.79672324517447,-1.2504639732505,-1.58759891406196,-0.796236704819922,1.32574748269135,1.23305589944621,1.45036144916127,0.0644555126183327,0.00025,0.315111361513511,0.00025,"metaG","Q",1
111,7.03405868280266,227,0.0012648958125291,2.11021577265916,1.2176984550011,4.1893052724291,1.00110718085988,0.467547839896078,2.75885258926822,-1.82342700107773,-2.3045143973076,-1.23581449891864,0.854851861236515,0.752664079262198,0.998243196083629,0.0309520209012398,0.69375,0.0225290523158601,0.886,"metaG","Q",0
122,55.0176400908356,713,0.0003397473515149,6.73400673400673,4.09449633133879,6.73400673400673,0.103436656659211,0.0099650176789246,0.267914669742058,-2.6054464484313,-2.65349763176848,-2.30572083615635,1.82617804346132,1.60226487914453,2.36482582512114,0.0523996762029427,5e-04,0.548507305351917,0.00025,"metaG","Q",1
123,28.6375787596779,830,0.0003088612286499,4.89144888598999,3.37858284321766,6.73400673400673,0.260558947162254,0.122384914121876,0.453178578704657,-2.61825261827116,-2.82420264873369,-2.37488608242229,1.51556582089241,1.35994860265908,1.89030878941348,0.0452277903566848,0.00025,0.365917036009574,0.00025,"metaG","Q",1
124,15.7535581316179,278,0.000539374325782,3.9695054112597,2.30796607913226,6.73400673400673,0.260142129350363,0.0445696518650357,0.652458465083177,-2.34823159330836,-2.69586806330993,-1.94314723492153,1.19152414506479,0.99514567730733,1.5804577724674,0.0186377057333739,0.99475,0.0148534367675389,0.988,"metaG","Q",0
125,34.1265149505557,402,0.0004941779658399,2.41324424117022,1.68782352413546,4.09743817874451,0.158599368738627,-0.0287537695592956,0.442029444732105,-1.98391601477238,-2.33400159666691,-1.69211119660064,1.63641870954687,1.41722884366465,2.14871875586446,0.0291795871029332,0.3515,0.0458689364211084,0.405,"metaG","Q",0
128,3.26887443982379,144,0.0013157894736842,6.17391766101888,1.73564272736921,6.73400673400673,0.596807726646794,0.27739586164297,1.91896562830899,-2.67174401795125,-2.83380895832252,-1.78327647339883,0.483964995235188,0.328826922466601,0.760667795030964,0.0473689731148947,0.4265,0.0583264283172461,0.28125,"metaG","Q",0
131,3.379559065577,38,0.0014788921753159,NA,NA,NA,NA,NA,NA,NA,NA,NA,NA,NA,NA,NA,NA,NA,NA,"metaG","Q",NA
132,3.02974640146757,51,0.0015410479125805,0.137813411911332,0.00386588754772199,0.491693055212406,104.20440455445,1.94862774928296,374.350142769438,1.31009194666508,-0.351127525064189,1.66296887642038,0.470585092561706,0.269382351951249,0.660554093695839,0.112344010723536,0.06625,0.125591364634148,0.04975,"metaG","Q",0
135,1.96894182534803,107,0.0014090460758066,1.051595854555,0.520820757383053,2.64808090104252,4.38416616450718,1.13407924488385,186.826900743925,-1.15170283673338,-2.00918706798875,0.66954221740267,0.29416583483664,0.200955179831505,0.391752614342433,0.0566342960806038,0.26025,0.0432779905340692,0.4175,"metaG","Q",0
136,2.34356902265406,109,0.0008673967255773,5.02016890860691,1.73089684777866,6.73400673400673,0.669225227474855,0.27065471937384,2.24129856836204,-2.57426017610942,-2.8618371716754,-1.76189093648054,0.319627209709414,0.157093498152482,0.594847997068585,0.0875505189358311,0.01675,0.110793387530534,0.03775,"metaG","Q",0
137,4.11718832239732,139,0.0005603182607721,0.964357257524032,0.559220090060729,1.74327756810083,1.35773758715492,0.429640162201357,51.8717108564589,-1.38073850938577,-1.9387563271911,0.288812819544408,0.622320701508453,0.493683036589202,0.78509817961889,0.0424641047597055,0.527,0.0447595372443549,0.3755,"metaG","Q",0
138,0.898506529372588,44,0.0008534243652656,NA,NA,NA,NA,NA,NA,NA,NA,NA,NA,NA,NA,NA,NA,NA,NA,"metaG","Q",NA
142,1.05593041166808,59,0.00023883887562,0.71436789187503,0.448451644888185,1.12867329859345,227.951523023432,142.726588328067,360.734695369914,0.739921318970301,0.587324033324246,0.864495272760806,0.0209938059296231,-0.116142905927239,0.144216832443817,0.067895881968651,0.542,0.02782243904215,0.87175,"metaG","Q",0
143,0.242763106696291,23,0.0011676786548341,NA,NA,NA,NA,NA,NA,NA,NA,NA,NA,NA,NA,NA,NA,NA,NA,"metaG","Q",NA
144,2.80485142274001,126,0.0007687576875768,0.733192560217616,0.489952997475927,1.04171330745635,199.109254589969,132.722069948794,283.313468035843,0.746957943766338,0.643471921554645,0.834999696472956,0.445877668776387,0.362128189049652,0.528424958169264,0.0318004041436746,0.972,0.0111314938496901,0.9995,"metaG","Q",0
145,12.9612933184264,218,0.0008701116643302,6.73400673400673,1.68146391011182,6.73400673400673,-0.145665596781227,-0.27577702082256,0.153927449879114,-3.0599509222098,-3.16452746552948,-2.24789412085904,1.35241929366979,0.867637199563325,2.53857319206796,0.0814337112673409,0.00025,0.195584613758562,0.002,"metaG","Q",0
146,4.54502078906636,124,0.0006138892441488,1.16552012185604,0.572584570355629,2.78846982849111,0.467939026326248,-0.018969315067061,3.31532921782882,-1.72072662731055,-2.40793021627841,-0.8264508795378,0.734416538430527,0.52316584106915,1.10541525831564,0.0540380599227563,0.217,0.0578454552661303,0.19125,"metaG","Q",0
147,1.69783425765188,74,0.0002939555392246,0.847389175347256,0.516104466776808,1.60367119745029,4.22971808776136,0.899136127349352,193.436359281287,-0.950024681399278,-1.78501268210679,0.872987177710032,0.229737053985776,0.105445842393561,0.361901929078307,0.0658461593770253,0.32025,0.042347192209828,0.46525,"metaG","Q",0
148,2.79291237994398,125,0.0006797721844571,0.837075772371585,0.522009309647193,1.47162665743325,4.42292925342261,1.19155490218215,185.837495695902,-0.952449046919286,-1.67168084364684,0.801307268861152,0.444521888203019,0.347360876460149,0.543665058882836,0.0389837989649367,0.7545,0.0348418728454923,0.6115,"metaG","Q",0
149,5.40223574287971,270,0.0007988815658078,6.73400673400673,2.49846445240646,6.73400673400673,0.248459704396594,0.0837721285398899,0.672753886297659,-2.92970538686417,-3.00883883342734,-2.31607363886622,0.847753974047181,0.643395503305441,1.29559393454534,0.0708228175713558,0.002,0.358103530455154,0.00025,"metaG","Q",1
150,1.12666700618884,58,0.0004225610876354,0.606390542199792,0.333453873505957,1.01964187492277,220.747780816264,120.938834508868,371.866999569733,0.811418881399017,0.63143650103325,0.946673352731422,0.047758724365461,-0.0890858027394817,0.176813764375977,0.0716165782101639,0.45625,0.0572141041571553,0.37,"metaG","Q",0
151,0.304144606565239,23,0.0008376086273688,NA,NA,NA,NA,NA,NA,NA,NA,NA,NA,NA,NA,NA,NA,NA,NA,"metaG","Q",NA
152,6.36529731912648,230,0.0004859956516178,3.10853936025033,1.64617838559409,6.73400673400673,0.155848909201385,-0.0739644742133882,0.602109783083081,-2.52827001126092,-3.00540901417329,-2.04733755195136,0.951944400919864,0.700848227612314,1.49803068062257,0.0737609781733157,0.00075,0.233386689966073,5e-04,"metaG","Q",1
155,89.7957780525621,2290,0.0001837222120154,2.58045732670968,2.29484222049971,2.96491783862342,1.69792655850463,1.38076858616822,2.12035453973229,-1.69090491784612,-1.81586520258441,-1.565510000756,1.85063736737192,1.82602114173956,1.87914567861896,0.0483366898182952,0.00025,1.79922095782889,0.00025,"metaG","Q",1
158,16.7504655279691,1002,0.0014466546112115,6.73400673400673,2.85609604766828,6.73400673400673,1.1246351168415,0.931143421948227,1.66648587605347,-2.84505570140399,-2.89963060288747,-2.35636299269636,0.950499039894083,0.906728389845169,1.0091818075422,0.0813585881518284,0.00025,1.89615829451341,0.00025,"metaG","Q",1
168,2.66137100794989,80,0.000705467372134,1.38037836848738,0.693671603002988,3.96653743939879,1.18605960962709,0.242770121451234,173.617254077581,-1.522676203988,-2.34487372102022,0.71096172756247,0.439511315186899,0.280774527313042,0.640085384890112,0.065296513909238,0.2615,0.034844935833297,0.58025,"metaG","Q",0
173,410.257389359995,6808,0.0007228306046478,3.342015151925,2.97494416250649,3.82629213480181,0.341059982964232,0.278332056737279,0.411275156745084,-2.20814600605289,-2.29794054136474,-2.12645372447759,2.60207594403045,2.52272777303505,2.78603176711297,0.0255466665784204,0.00025,1.2170011934591,0.00025,"metaG","Q",1
175,360.90866878676,2279,0.0002895727485718,4.46498153266248,3.74276378983055,5.56061354965889,1.2199429261168,1.01890678560972,1.47796399224366,-1.98860489092207,-2.13634930018411,-1.85632512993992,1.93219836218162,1.90158174583937,1.9716018845829,0.0550229453604372,0.00025,2.30722715352314,0.00025,"metaG","Q",1
178,0.991586518384258,51,0.0005650297924799,0.774999390359576,0.438156686650458,1.29604591910228,277.646484868022,156.536958161998,464.98559310469,0.817425476146635,0.664567865428746,0.942104739080673,-0.00985054317064699,-0.136384982479668,0.114625484144074,0.12512986794322,0.02125,0.15415514987787,0.01725,"metaG","Q",0
180,10.1031267394623,451,0.0010151302750519,6.73400673400673,3.64757475597146,6.73400673400673,0.945221412541694,0.710735075324261,1.51596015992857,-2.64891472748527,-2.71568054303088,-2.25308040398735,0.855727984201441,0.782308625834904,0.97012237989913,0.159647608535588,0.00025,2.74497181708835,0.00025,"metaG","Q",1
188,797.098985507172,9071,0.0006416238917405,6.73400673400673,5.52250355601401,6.73400673400673,-0.0744411032721704,-0.0978101921937041,-0.0418232067775007,-2.78488189791316,-2.80017150406358,-2.67645097462754,3.3116181357124,3.01679158038889,4.12029706805855,0.0531159468369139,0.00025,7.64724601754167,0.00025,"metaG","Q",1
189,45.6135034043375,1019,0.0007245626746713,1.78622431578632,1.5355500931903,2.09436860557635,3.65961144004431,2.51731844181907,6.31302964932445,-1.1067489414208,-1.31753679964348,-0.818907020788562,1.59105871401793,1.56227264935223,1.62047078029908,0.080002667038457,0.00025,2.6757386561562,0.00025,"metaG","Q",1
191,55.1855636630522,2090,0.0003541285486631,6.73400673400673,5.06187580620255,6.73400673400673,0.744525348341833,0.647231773680076,0.917009894330654,-2.82516791560663,-2.85504275596928,-2.65061110622039,1.4487973981765,1.40004043797325,1.52854829856342,0.0604948783539594,0.00025,3.2099890602708,0.00025,"metaG","Q",1
193,89.145192518259,1571,0.0008702462796971,6.73400673400673,4.45907691908609,6.73400673400673,0.42374134818409,0.334903746402063,0.593653854945151,-2.76332431340158,-2.79750176344293,-2.51869016145534,1.61890912640507,1.52818227292404,1.81231180084019,0.0714439183264771,0.00025,1.42214746388481,0.00025,"metaG","Q",1
194,181.963814532932,5064,0.0011283497884344,6.73400673400673,5.56153480616118,6.73400673400673,1.39874854250936,1.29661631362057,1.5866106496628,-2.45367713518486,-2.47477308300588,-2.33121463463851,1.93358447991605,1.91558282080105,1.95471840107083,0.0673044389812476,0.00025,6.88935184073072,0.00025,"metaG","Q",1
196,104.508770465457,2357,0.0003246178362745,6.73400673400673,5.22988885557927,6.73400673400673,0.831437616284403,0.730321456775024,1.00988709425246,-2.6037306727369,-2.63170114806515,-2.44524440040602,1.67516044997708,1.63336976123166,1.73827698507809,0.0570848434325776,0.00025,1.25307416687346,0.00025,"metaG","Q",1
201,185.717826463107,2864,0.0004336983627886,1.05291065581724,0.963630458109814,1.15908843008192,1.73783885495119,1.35922734744438,2.28813361827238,-1.04886598859952,-1.17310032547682,-0.916367330262789,2.19515211837549,2.16698528133858,2.22505749652292,0.0707713386660976,0.00025,4.73065476422474,0.00025,"metaG","Q",1
205,1115.85517561203,10728,0.0005075111652456,2.81781282010874,2.62335549605579,3.04176951884433,0.568495113219298,0.50444209417718,0.640595145260826,-1.85891829478884,-1.91642364279789,-1.80205963309713,2.86516904291451,2.82593578718726,2.94621544277852,0.0244024684614216,0.00025,1.70159325345084,0.00025,"metaG","Q",1
206,35.3322078171244,753,0.0006650778695338,6.73400673400673,3.93908074818525,6.73400673400673,0.203949801613508,0.100700429788306,0.400647381861489,-2.7870253696722,-2.83518212732654,-2.47098490276119,1.50977992011728,1.33899717122615,1.91593325441865,0.111474072872646,0.00025,2.37506229343604,0.00025,"metaG","Q",1
208,2.83634532688194,182,0.0009186954524575,6.73400673400673,2.38864057137876,6.73400673400673,0.6442566359501,0.373160421874139,1.59849454285581,-2.80671233412039,-2.9027547475626,-2.08633275423956,0.458976088158549,0.327406111870332,0.692474676168269,0.0699312637299632,0.01575,0.16888201685425,0.00875,"metaG","Q",0
209,87.6313602557297,1196,0.0002632479532471,6.73400673400673,4.44789194313051,6.73400673400673,0.069638306089681,-0.00256895045121616,0.187846157809006,-2.84974762575244,-2.8882765885477,-2.6047706633337,1.88641959879729,1.66005724621744,2.4647590341891,0.0690402975638824,0.00025,1.27074473337311,0.00025,"metaG","Q",1
210,17.5843245912627,416,0.0003397473515149,6.73400673400673,3.60778058735541,6.73400673400673,0.084137561690719,-0.0387980653752539,0.313996540112432,-2.92270475697653,-2.98606333852089,-2.54091470070536,1.28410990764203,1.02958948492784,1.89442951788663,0.122039424460638,0.00025,1.83001917651566,0.00025,"metaG","Q",1
7,3.48468280401329,28,0.0005371530886302,NA,NA,NA,NA,NA,NA,NA,NA,NA,NA,NA,NA,NA,NA,NA,NA,"metaT","Q",NA
18,0.620917346413169,9,0.0214705882352941,NA,NA,NA,NA,NA,NA,NA,NA,NA,NA,NA,NA,NA,NA,NA,NA,"metaT","Q",NA
22,1.09620413976878,39,0.0009016319538364,NA,NA,NA,NA,NA,NA,NA,NA,NA,NA,NA,NA,NA,NA,NA,NA,"metaT","Q",NA
23,0.443860160461278,10,0.001504244117331,NA,NA,NA,NA,NA,NA,NA,NA,NA,NA,NA,NA,NA,NA,NA,NA,"metaT","Q",NA
25,1.22609560663329,18,0.0004859956516178,NA,NA,NA,NA,NA,NA,NA,NA,NA,NA,NA,NA,NA,NA,NA,NA,"metaT","Q",NA
26,0.704471930373018,27,0.0012955045990413,NA,NA,NA,NA,NA,NA,NA,NA,NA,NA,NA,NA,NA,NA,NA,NA,"metaT","Q",NA
30,0.277997532085435,5,0.005587192435801,NA,NA,NA,NA,NA,NA,NA,NA,NA,NA,NA,NA,NA,NA,NA,NA,"metaT","Q",NA
36,3.92048223024286,86,0.0002844729492086,0.46984561879853,0.252116787286499,0.877726646085583,2.12927043692491,0.366962195189088,186.092537577544,-0.720493396480866,-1.50401564224073,1.35652463361598,0.586621762261672,0.417413121107691,0.77979413665592,0.0586527465313753,0.37475,0.0369109321957739,0.55375,"metaT","Q",0
38,1.62064895578595,15,0.0103383458646617,NA,NA,NA,NA,NA,NA,NA,NA,NA,NA,NA,NA,NA,NA,NA,NA,"metaT","Q",NA
39,5.64566084898091,57,0.000650547544183,0.492221252825624,0.131225069588282,1.7521355089148,0.373463148402407,-0.260196196088426,181.616128010141,-1.04237885787013,-2.10708289478809,1.66518278588844,0.775150476654575,0.439891453201312,1.32510129914865,0.0522963603643826,0.8085,0.0214307837993472,0.876,"metaT","Q",0
41,0.568874175237802,13,0.0008275576704251,NA,NA,NA,NA,NA,NA,NA,NA,NA,NA,NA,NA,NA,NA,NA,NA,"metaT","Q",NA
46,1.3880226878186,57,0.0004655011896141,0.917400917680834,0.434926572335247,2.69046022779696,1.77253548713788,0.278210187654946,185.438080151359,-1.3381280803937,-2.29966824324746,0.894753938178486,0.138498346492138,-0.030695170394854,0.335057340004595,0.0713255694398963,0.36325,0.0913816947822809,0.04525,"metaT","Q",0
51,0.229399381534421,9,0.003729796933278,NA,NA,NA,NA,NA,NA,NA,NA,NA,NA,NA,NA,NA,NA,NA,NA,"metaT","Q",NA
52,0.47119218908744,12,0.0005144221936432,NA,NA,NA,NA,NA,NA,NA,NA,NA,NA,NA,NA,NA,NA,NA,NA,"metaT","Q",NA
64,13.6832959632758,207,0.0007175071750717,0.853397644421844,0.552916335064134,1.30885096719621,0.96355259787061,0.315008388660077,4.41004977161007,-1.11133781118654,-1.54499915495797,-0.409904818592424,1.15939313148181,1.02782355436996,1.34838329770453,0.0429854650374213,0.205,0.0425339395331533,0.396,"metaT","Q",0
65,3.99708579102099,64,0.0005611386012345,0.0570436186522757,0.00387576400413839,0.272162205425983,189.954882838208,12.0090479561295,910.267365067081,1.76716901388315,0.549114521520005,2.28429260321589,0.589571294784842,0.360713172182565,0.798930427544131,0.0637741368201858,0.66575,0.0388524406529998,0.7185,"metaT","Q",0
66,22.4029556128987,104,0.0001837222120154,0.453767601048513,0.335502197000352,0.615910239033621,260.933245304291,192.6657697337,354.52880696704,2.07936420710252,1.94314030895857,2.18946550701943,1.3470222825249,1.21774290893294,1.46047911698908,0.177994384691689,0.00025,0.789064893779072,0.00025,"metaT","Q",1
67,0.593972134250261,68,0.0004833953690723,6.00260248789433,1.48262814590581,6.73400673400673,0.726367944751224,0.262535845925073,5.70700282042853,-2.96052512520213,-3.17502014858268,-1.65495145198156,-0.230547948177547,-0.41715905536093,0.0660242939317866,0.0523358070247125,0.80825,0.0260951871879155,0.85025,"metaT","Q",0
68,0.181453285983431,12,0.0005125051250512,NA,NA,NA,NA,NA,NA,NA,NA,NA,NA,NA,NA,NA,NA,NA,NA,"metaT","Q",NA
70,1.34067541462495,24,0.0002020944332169,NA,NA,NA,NA,NA,NA,NA,NA,NA,NA,NA,NA,NA,NA,NA,NA,"metaT","Q",NA
72,1.37210741693147,15,0.0005603182607721,NA,NA,NA,NA,NA,NA,NA,NA,NA,NA,NA,NA,NA,NA,NA,NA,"metaT","Q",NA
76,0.902555988018315,18,0.0007531254707034,NA,NA,NA,NA,NA,NA,NA,NA,NA,NA,NA,NA,NA,NA,NA,NA,"metaT","Q",NA
78,1.45223225938428,40,0.003895597974289,NA,NA,NA,NA,NA,NA,NA,NA,NA,NA,NA,NA,NA,NA,NA,NA,"metaT","Q",NA
80,67.575460050829,499,0.0012678288431061,0.389994743700962,0.277823490410257,0.522257538471303,2.58989426997657,1.08693413469618,85.9896870838429,-0.109375127113314,-0.512525235123421,1.46235723501796,1.83331894424323,1.75955763385654,1.90963550436023,0.0612865490729057,0.00025,0.535516617551322,0.00025,"metaT","Q",1
81,28.6580091265928,165,0.0009026900162484,0.0007016754947987,0.000701675308157434,0.000701675603788045,0.699252386921466,0.699251822688365,0.699252727391694,-0.160911984069692,-0.432104905678138,0.0790872091640496,1.40484128552146,1.15806718165272,1.76610096583964,0.0712293918516194,0.178,0.170435972349617,0.158,"metaT","Q",0
82,42.8121371370408,159,0.0012327922745017,1.48705810121798,0.626058095092208,6.04053766840848,-0.252125391524302,-0.412861088477571,0.0979374318467554,-1.91430268606187,-2.73032347843337,-1.20982260512568,1.98399234326292,1.34498330638177,3.3011228941103,0.0391635361911618,0.5435,0.0356948411519961,0.5255,"metaT","Q",0
84,479.746363575925,2664,0.0007294655449107,0.582016160330174,0.530466773542753,0.636279531539869,2.54951695883359,1.81472648790209,4.04079097995334,-0.129094386535187,-0.289687894023589,0.0840232845696641,2.67217578175907,2.64288917396733,2.70297147431684,0.0522595365495316,0.00025,1.8787542616364,0.00025,"metaT","Q",1
85,739.490034636513,1911,0.000728491294529,0.571436532414047,0.5183601822333,0.628368839496719,2.2624548967564,1.54736594921768,3.75935029787514,0.146040193082578,-0.0305367144221041,0.370031705091135,2.84152237688436,2.8055651171341,2.87882561326476,0.0826880446836188,0.00025,3.25712496041646,0.00025,"metaT","Q",1
92,12.282988311337,357,0.0008348639171814,6.29681996032197,3.24598141009846,6.73400673400673,0.489377648475343,0.289844915275617,0.91308856321704,-2.60808166366577,-2.71496852121856,-2.17324334986201,1.03410869467345,0.90164655928308,1.28399513763827,0.0319303223420451,0.37125,0.0373227492904158,0.64325,"metaT","Q",0
98,0.986602263951599,3,0.0215366705471478,NA,NA,NA,NA,NA,NA,NA,NA,NA,NA,NA,NA,NA,NA,NA,NA,"metaT","Q",NA
100,18.2096119699648,286,0.0017309100592503,3.47020672522585,1.78826736664314,6.73400673400673,0.262780040398387,0.0316512046271281,0.723247337078969,-2.12959074055224,-2.54703530748208,-1.65079579395563,1.36461294009792,1.16219658114118,1.79276993657744,0.0334386520137639,0.3835,0.0454545524430519,0.38825,"metaT","Q",0
102,5.22731639711454,63,0.0005782644837182,0.0901243387460964,0.00779807902442027,0.312082786505054,22.5489730498388,1.07601521742701,91.7979490067016,0.937156965580308,-0.359707881838839,1.41056008921921,0.704580101089566,0.473674455351868,0.920152962572069,0.0824237357085855,0.25,0.0998767896246578,0.115,"metaT","Q",0
109,1.52094170610627,56,0.0002755833180231,1.12847071149842,0.566995062647246,3.22674493196511,1.41365272430928,0.195574061559536,183.011085608876,-1.52164070652563,-2.4588811250172,0.768086042614052,0.121500612074493,-0.0635641893691883,0.345022916752329,0.0919483924920258,0.08975,0.100846945443289,0.03275,"metaT","Q",0
110,1.38664778832606,27,0.0007228306046478,NA,NA,NA,NA,NA,NA,NA,NA,NA,NA,NA,NA,NA,NA,NA,NA,"metaT","Q",NA
111,7.32258563525456,117,0.0003975568325562,1.87492381165011,1.05360212358209,4.95267415589758,0.3309237601548,-0.0553569085607124,1.52150018386276,-1.86533567185846,-2.51985996417619,-1.23463981212467,0.875058371496085,0.644161668797289,1.31145559627189,0.0557042938267475,0.2475,0.0459478827656259,0.37925,"metaT","Q",0
122,10.7962362719368,236,0.0014664711371817,6.23212880707315,2.36662377867655,6.73400673400673,0.285612388319244,0.0923867534903015,0.782791962395392,-2.58612609661906,-2.70940282412333,-2.00289373655981,1.05340522850381,0.849812891713084,1.49935141763063,0.0326000827351257,0.65375,0.0381974165750738,0.6,"metaT","Q",0
123,24.9559202163462,400,0.0003490722028293,1.8646897624191,1.35051029721128,2.9105508108517,0.0971021799591205,-0.0820634862390233,0.392576473448371,-1.96514892999017,-2.28787817949758,-1.66821251774948,1.63770888333861,1.37395594507795,2.25810402563946,0.0357842882474937,0.09925,0.151967287526921,0.00575,"metaT","Q",0
124,4.78388825438378,132,0.0017529880478087,6.73400673400673,0.867757849283674,6.73400673400673,0.250087125718225,0.00870610409374772,1.3465664327121,-2.82875756745381,-2.963823914071,-1.629007266592,0.619049499406448,0.37817568734491,1.07822424356182,0.0391188008296592,0.7545,0.0257126147115086,0.83075,"metaT","Q",0
125,8.76207606233997,205,0.0008277522763187,1.43390291764548,0.878801010003757,2.68213332725459,0.627219407115035,0.17697395823106,1.95136113869668,-1.67348440808937,-2.16697769742842,-1.13743965183913,0.986679564000306,0.835182070143187,1.26091692348735,0.0327668873594094,0.653,0.0321761502282441,0.63225,"metaT","Q",0
128,0.629307091314772,50,0.0006213258136978,1.92308726331302,0.226341168993512,6.73400673400673,0.360675865674228,-0.10227740600394,175.932246804318,-2.5006307385031,-3.33809071058469,0.496606739452098,-0.150355114554065,-0.439550426815237,0.361146880959012,0.0892699569089123,0.15275,0.0485411388863293,0.30875,"metaT","Q",0
131,2.13094309259538,18,0.0105913503971756,NA,NA,NA,NA,NA,NA,NA,NA,NA,NA,NA,NA,NA,NA,NA,NA,"metaT","Q",NA
132,0.817532260625086,8,0.003008488234662,NA,NA,NA,NA,NA,NA,NA,NA,NA,NA,NA,NA,NA,NA,NA,NA,"metaT","Q",NA
135,0.122210161345785,19,0.0005235053921055,NA,NA,NA,NA,NA,NA,NA,NA,NA,NA,NA,NA,NA,NA,NA,NA,"metaT","Q",NA
136,1.96583421901883,18,0.0004655011896141,NA,NA,NA,NA,NA,NA,NA,NA,NA,NA,NA,NA,NA,NA,NA,NA,"metaT","Q",NA
137,1.12805210011282,16,0.001401214385801,NA,NA,NA,NA,NA,NA,NA,NA,NA,NA,NA,NA,NA,NA,NA,NA,"metaT","Q",NA
138,0.62760616052733,11,0.0078165711307972,NA,NA,NA,NA,NA,NA,NA,NA,NA,NA,NA,NA,NA,NA,NA,NA,"metaT","Q",NA
142,0.84999907706792,36,0.0005125051250512,NA,NA,NA,NA,NA,NA,NA,NA,NA,NA,NA,NA,NA,NA,NA,NA,"metaT","Q",NA
143,0.327736296940486,7,0.0009827247336298,NA,NA,NA,NA,NA,NA,NA,NA,NA,NA,NA,NA,NA,NA,NA,NA,"metaT","Q",NA
144,0.7046489362954,41,0.0008267879288962,NA,NA,NA,NA,NA,NA,NA,NA,NA,NA,NA,NA,NA,NA,NA,NA,"metaT","Q",NA
145,15.9654723993181,145,0.001092746892501,0.241489916022006,0.12084718050625,0.402831673152509,196.917047274078,98.0425257461216,329.146715624542,1.81269746209603,1.58424013146952,1.96201794087289,1.20235527075682,1.0766856392015,1.31683638072505,0.0498291251367037,0.34325,0.0551521596765962,0.37825,"metaT","Q",0
146,2.38918468195784,36,0.0006138892441488,NA,NA,NA,NA,NA,NA,NA,NA,NA,NA,NA,NA,NA,NA,NA,NA,"metaT","Q",NA
147,1.43468169372584,14,0.0008534243652656,NA,NA,NA,NA,NA,NA,NA,NA,NA,NA,NA,NA,NA,NA,NA,NA,"metaT","Q",NA
148,1.10346467936934,19,0.0007531254707034,NA,NA,NA,NA,NA,NA,NA,NA,NA,NA,NA,NA,NA,NA,NA,NA,"metaT","Q",NA
149,6.08564765404641,127,0.0006981444056586,0.387070695666682,0.226504427454053,0.592984125385967,207.721416888436,121.138903218939,318.755944240094,1.33517960030832,1.17972935194283,1.45556998593322,0.782653512380565,0.670255869733057,0.887234413758208,0.0487477763723286,0.504,0.0394699823120407,0.6385,"metaT","Q",0
150,1.14612953779241,18,0.0011246221972306,NA,NA,NA,NA,NA,NA,NA,NA,NA,NA,NA,NA,NA,NA,NA,NA,"metaT","Q",NA
151,1.89766023508604,10,0.007473841554559,NA,NA,NA,NA,NA,NA,NA,NA,NA,NA,NA,NA,NA,NA,NA,NA,"metaT","Q",NA
152,29.4357423744844,121,0.000362056480811,1.20810604216707,0.891788440100394,1.85830269571233,3.45145227728916,1.17025334211435,178.127819496276,-0.165788647127986,-0.724481105076876,1.6142836294394,1.45891283201931,1.36761779417963,1.55408212645699,0.0974654685681753,0.0015,0.23059832701955,5e-04,"metaT","Q",1
155,691.062587792558,1852,0.0007968127490039,0.997193035041962,0.896226250152315,1.11394807408748,0.83506320995115,0.599167370969204,1.17009724517622,-0.514310982752801,-0.644336046899409,-0.374775950658558,2.83014253214409,2.77227088633753,2.92024994363616,0.0280756031362464,0.00025,0.395426023682861,0.00025,"metaT","Q",1
158,34.0627256135375,883,0.0008221430528912,6.73400673400673,4.42228567942452,6.73400673400673,0.569680760580474,0.434629848355928,0.814583367318695,-2.48367724498792,-2.52934963464448,-2.22188447333582,1.52666544086159,1.44105494685393,1.69303872240854,0.0242075747189612,0.17775,0.0510898861899435,0.4125,"metaT","Q",0
168,7.84854077712212,13,0.0054347826086956,NA,NA,NA,NA,NA,NA,NA,NA,NA,NA,NA,NA,NA,NA,NA,NA,"metaT","Q",NA
173,398.574275609527,5258,0.0009876543209876,3.70070540088073,3.21357550351541,4.36262604550942,0.278527144642328,0.211758842210654,0.350415465152813,-2.12013861140567,-2.22438639960168,-2.02585586085569,2.69260010656008,2.59671948257442,2.93206647933609,0.0168388987925694,0.00025,0.436320328278397,0.00025,"metaT","Q",1
175,5346.08558079765,2126,0.0011819060921886,1.56957241498406,1.41357467473946,1.76721911060254,0.551093469416646,0.398632924991033,0.745861503778388,-0.0422759200665113,-0.155452566961746,0.0696997234026979,3.73195019489099,3.65897581592867,3.86439989440066,0.0243133583307904,0.00075,0.372551766026583,0.00025,"metaT","Q",1
178,1.58106522030118,13,0.0010151302750519,NA,NA,NA,NA,NA,NA,NA,NA,NA,NA,NA,NA,NA,NA,NA,NA,"metaT","Q",NA
180,115.040526874847,246,0.000991571641051,6.73400673400673,2.46765180236291,6.73400673400673,-0.0236886627579628,-0.15230759369643,0.279935915549349,-2.80190506611937,-2.88447388111345,-2.18738406493277,1.35506476833689,1.00067132905532,2.1841634497677,0.0886861860740273,5e-04,0.542573280666712,0.00025,"metaT","Q",1
188,2403.14781487941,6697,0.0005175447676223,1.20084647395841,1.12788659962061,1.28308714017267,0.15865060417961,0.0959070506116025,0.228187916589244,-1.10196648644441,-1.16825755871845,-1.03325269007167,3.50572946150939,3.3672291753279,3.87374571823092,0.013581344434596,0.00025,0.329116314334341,0.00025,"metaT","Q",1
189,99.7166007081439,707,0.0010151302750519,2.74110095517704,2.12275309824403,3.82119262757546,0.669613175034446,0.425486763315884,1.0349569949794,-1.47088622106168,-1.70581992405921,-1.24727950870611,1.98442870290543,1.89726306129781,2.14517215084619,0.0316460970597864,0.0265,0.11271344501769,0.024,"metaT","Q",0
191,279.644088804991,1574,0.000628413979794,6.73400673400673,4.03271444721133,6.73400673400673,-0.346102813632662,-0.379542203397852,-0.29182835000244,-2.92897821615479,-2.96392474372707,-2.64592485859769,3.6131716781539,2.82424809756165,5.38010773777732,0.0455631598787593,0.00025,1.0176666353364,0.00025,"metaT","Q",1
193,182.466321352378,1114,0.0009320284934425,1.8572348670633,1.60660376850951,2.20013664672597,1.49958463417781,1.09127360866392,2.12655786538271,-0.927124197032414,-1.10106491445264,-0.749651712947236,2.2126910835631,2.17094960936733,2.26106858066306,0.0612329334866332,0.00025,1.12043098858999,0.00025,"metaT","Q",1
194,666.387254401877,4140,0.0011996161228406,0.710835518074492,0.635294066592973,0.79881882395605,0.254022212444054,0.152025554534848,0.38075695633869,-1.05671479533651,-1.16272757890536,-0.946482061695755,2.98561530237221,2.86489891016482,3.28281221333714,0.0519126079950961,0.00025,3.621221246829,0.00025,"metaT","Q",1
196,1069.31688110014,1990,0.0007323081019905,0.719694175802488,0.654246113333627,0.791621494424245,1.05084720692453,0.753209005258741,1.53185940989177,-0.164932585487885,-0.298744716407043,-0.00460206903579911,2.97343664241726,2.92241889332488,3.04431351035734,0.042774884147873,0.00025,1.03761243767942,0.00025,"metaT","Q",1
201,467.361646911922,1814,0.0010999371464487,1.82724243305177,1.49784210368495,2.30450522515058,-0.141637743466925,-0.212128477045916,-0.06100898494832,-1.75433982922633,-1.91748173649414,-1.598876289674,3.19878637475205,2.77795638260788,4.2570250176682,0.0351548386936609,0.00025,0.408858366190979,0.00025,"metaT","Q",1
205,2889.94376041356,7993,0.0003706334743799,1.11431649160125,1.04908583761745,1.1884128765701,-0.0558963746143883,-0.0958519346471919,-0.0113225915652799,-1.25884838685926,-1.32225989809939,-1.20005695303572,3.90864532356508,3.63629098098499,4.66049757418396,0.0273113816043453,0.00025,1.56967530240852,0.00025,"metaT","Q",1
206,282.013168345018,596,0.0011385984887692,0.72820747182667,0.608445828612837,0.87084968873522,1.3953989144085,0.768117583012472,3.04186860733421,-0.0739920653093424,-0.330178179968839,0.280635748770339,2.42347794625389,2.35189089896818,2.51208013474295,0.0597787045964039,0.00025,0.508410536280811,0.00025,"metaT","Q",1
208,7.77599825275589,104,0.0019167102282627,0.910017242446937,0.168475494263951,6.39128368759651,0.216890994016595,-0.173049182068336,7.98464234103329,-1.60381659418921,-2.72101561593835,0.0910961447463006,0.92973302963882,0.635566909073398,1.49269702509941,0.0419643863497824,0.72125,0.0328102467459814,0.5745,"metaT","Q",0
209,398.594195423383,909,0.0012698412698412,0.631595696942877,0.526619389895591,0.754764622599789,0.7652810243881,0.421388914654196,1.41706826363012,-0.378680088143171,-0.591659890434985,-0.127578226417573,2.50630194952091,2.4168490545697,2.64479512355501,0.044975421727518,0.00025,0.4561170633859,0.00025,"metaT","Q",1
210,116.288821804315,306,0.0026776151374509,0.367122565350458,0.227332148984577,0.565747218743114,1.38890283519278,0.445082128680567,40.9959053047731,0.0283890603051055,-0.453801168178942,1.55353671203926,2.0092868835152,1.8938721655677,2.1551223221793,0.082307783785136,0.00025,0.579229758003159,0.00025,"metaT","Q",1
7,4.12865079389193,136,0.0005382131324004,1.25849697345151,0.934541421064184,1.93179678692745,8.53660566617324,2.3483181340417,187.592569830697,-0.689774836893062,-1.3719908322937,0.746716866689547,0.614650957962511,0.540525951080278,0.688869853984246,0.0445280616058584,0.531,0.0468854587546124,0.42425,"metaG","R",0
11,3.72022376968151,29,0.0026905829596412,NA,NA,NA,NA,NA,NA,NA,NA,NA,NA,NA,NA,NA,NA,NA,NA,"metaG","R",NA
18,2.66535064887986,81,0.003545718276566,2.91926303096937,1.06406490051241,6.73400673400673,2.2726976424091,0.954907678367569,177.093490898926,-1.59065166958637,-2.24024934720428,0.623898304400198,0.430904754561653,0.32985979857439,0.54376771768987,0.0629220820752009,0.32325,0.0575508575218146,0.22475,"metaG","R",0
22,7.48587780429327,210,0.0009274717121127,1.22240651552574,0.858620818435195,1.80664389343755,3.97065814296028,1.62033294830534,174.859131641005,-0.942701861169241,-1.44463808713189,0.787201715272029,0.873823819846673,0.803691891043866,0.944672415631854,0.0783602672873779,0.00075,0.372673580685813,0.00025,"metaG","R",1
23,2.69390568731985,124,0.001262284735371,1.57148213638287,1.04025556325615,2.90995039222738,7.15300137463832,2.10072561210961,187.851141857181,-1.01424008926891,-1.76301633758287,0.539708102838646,0.429442900213714,0.359686892441859,0.500194741260372,0.0551539098781781,0.223,0.0768995992490271,0.09525,"metaG","R",0
25,8.68409518261058,134,0.0015258439824527,2.62516222852723,1.09713359616066,6.73400673400673,0.182648507259416,-0.104137433964455,1.00089620316971,-2.04559991674041,-2.6487481764284,-1.32800436805523,1.07094606119694,0.79818286591514,1.60846303923443,0.0973834791364363,5e-04,0.248363654002797,0.00025,"metaG","R",1
26,5.70815949028888,139,0.0024119633381572,5.65771019732624,1.36629422532699,6.73400673400673,0.328036606710861,0.0741975451585596,1.32360112170968,-2.45585937569048,-2.66255410811678,-1.50119511633601,0.862601619575129,0.64360606111894,1.31104706454908,0.0692611518353201,0.045,0.15442527195211,0.009,"metaG","R",0
30,2.97565301668525,96,0.0012893521005694,2.38331948229881,1.61667076264778,5.14812045635863,8.7535215722003,2.452243461983,195.736316773497,-0.945813930368775,-1.80032658672903,0.535541316058268,0.470824942738187,0.401175046944866,0.538536574829949,0.0568427740710558,0.38975,0.0525993288610508,0.3345,"metaG","R",0
36,93.7848680342004,494,0.0004426606858289,1.85871753576817,1.29310817461006,3.05953109427484,-0.232298634197689,-0.33323728064485,-0.083091170004168,-2.0968430472156,-2.43380017097359,-1.79718771089146,2.47348309420546,1.9194191296738,3.67268422496656,0.0277919721329744,0.26975,0.0410924815613379,0.47475,"metaG","R",0
38,1.03676727605452,47,0.0044552450384771,NA,NA,NA,NA,NA,NA,NA,NA,NA,NA,NA,NA,NA,NA,NA,NA,"metaG","R",NA
39,13.8548694033865,371,0.0002020944332169,1.16941277905855,0.95046933224973,1.4498416428989,3.87518510882071,1.96834003178399,24.4718316004032,-0.909296354124832,-1.26193236343924,-0.062601751644221,1.13986818048741,1.08653999760748,1.19506250567655,0.0265973247711351,0.59775,0.0366166022684415,0.58975,"metaG","R",0
41,10.6731609421406,189,0.0012418075198344,6.73400673400673,2.44654987399891,6.73400673400673,0.160891653480453,-0.0238286656080311,0.627024189396267,-2.59883791476344,-2.69240706677056,-1.95028475031154,1.1203358770817,0.870584790242552,1.6723086913415,0.0778384418402082,0.00525,0.203917170351024,0.0035,"metaG","R",0
46,7.63587572050066,307,0.0009956617594765,1.59969788269636,1.14901889506369,2.27378500495952,3.63644375833674,1.81105692860388,32.5290264529838,-1.25461931402366,-1.66080333748878,-0.193053918412119,0.880845877791061,0.828409871874167,0.934497665419045,0.0660570843653576,0.00025,0.281929227901017,0.00025,"metaG","R",1
51,2.92130544499245,86,0.0010744600838078,2.21095050398481,1.44446893954542,5.10563013250824,6.04908691193972,1.85337668311882,189.115234764834,-1.03757822435765,-1.84486916572505,0.606857016980202,0.459673739491974,0.379135576307031,0.540162759973454,0.0465928522092823,0.77625,0.0453369253015027,0.436,"metaG","R",0
52,6.23970594861688,296,0.0007077641729775,1.57155994749617,1.33647072859864,1.87013650543593,204.512558144259,173.770045497779,243.557202137825,0.436312724447878,0.394382713961531,0.474472514542808,0.795702189945279,0.754180853792457,0.834314279165446,0.0386005624688991,0.29975,0.0761837758151881,0.23425,"metaG","R",0
64,18.8329482163904,642,0.0005317349059796,1.83367211877676,1.49152944574691,2.34273117219273,1.9133125422342,1.26683856790233,3.27511076243744,-1.50078110651469,-1.74820160022758,-1.21205073518781,1.28878337741395,1.24263883962053,1.33929025129962,0.0559785663212025,0.00025,0.379532846705916,0.00025,"metaG","R",1
65,37.3223530151669,888,0.0006787463849377,1.69255381001677,1.40514528480456,2.08468148907603,1.26749946000935,0.874851076757743,1.94532345848251,-1.47692248647624,-1.67712849136448,-1.26219193299335,1.5978291628222,1.54511919722693,1.66320226048528,0.0309023935759004,0.00725,0.197706960497483,5e-04,"metaG","R",1
66,23.1768932051528,530,0.0005059814232534,3.39102367039486,2.31292186457354,6.38223598938571,0.226666351257168,0.0473699388940502,0.476451211885546,-2.33489443382035,-2.69718617494991,-2.05412318743389,1.47460034727001,1.29270981615257,1.86263115715604,0.0253648769736976,0.3725,0.0313604332655757,0.71875,"metaG","R",0
67,14.4757379752131,369,0.000966353333919,6.73400673400673,1.71421852873513,6.73400673400673,-0.140821442853869,-0.24178088161759,0.0701734808478296,-3.12407049926907,-3.20549682980187,-2.36601213175214,1.55329097980939,1.10678453713026,2.58339115757218,0.101774617193438,0.00025,0.929364918845947,0.00025,"metaG","R",1
68,2.55653208597268,174,0.0002586117720078,1.90063304533277,1.34559207319166,3.04680217712211,3.59423658483818,1.62172402534961,64.1808822681032,-1.56211273143279,-2.0562988206202,-0.182510211401882,0.401106348050191,0.334615514271086,0.46862494021457,0.0328543629811102,0.80725,0.0383515497340809,0.5535,"metaG","R",0
70,4.22703175037402,221,0.0009595394210778,1.30862622142438,1.04565493735742,1.62875304747254,220.466233004233,175.962102023131,274.642842147565,0.498008602025309,0.444532294306838,0.548225168031199,0.625768856654965,0.576041985890777,0.674971123325759,0.0454050230186235,0.2475,0.0598816706038956,0.359,"metaG","R",0
72,3.62812814519833,107,0.0008965092172353,1.59023742113332,1.2232035062592,2.12102336810136,321.331726496449,246.93619488177,428.919006303597,0.833364188381694,0.764948090906212,0.896874428455318,0.557260419252738,0.490744058810475,0.622416142290231,0.0742694941455331,0.1035,0.106382032576732,0.089,"metaG","R",0
76,10.7291699428439,133,0.0009037505648441,0.613284119868122,0.438389246076116,0.838677321073318,221.652741066599,158.157119309402,303.481678010835,1.44083477248324,1.33957391870434,1.53688616502529,1.02905397967589,0.936568374810913,1.12115947368703,0.06507466888008,0.1295,0.101348822762917,0.10025,"metaG","R",0
78,4.82365989839616,152,0.0007077641729775,1.0410425470303,0.806575410363934,1.34774272842629,205.972703327694,159.357617917096,266.948885191531,0.789532958810176,0.71757354865781,0.853265000593285,0.68101540439912,0.612782297577051,0.746042091565405,0.0778571784955518,0.018,0.200483672166396,0.0035,"metaG","R",0
80,52.2926848011038,1995,0.0004960499724416,6.73400673400673,5.15021765903702,6.73400673400673,0.962287932834038,0.84871718689525,1.17594607268386,-2.43444812692355,-2.46568296781351,-2.26136063862193,1.70929504703637,1.67143772820565,1.76273692571744,0.0794420080708942,0.00025,3.11843503226646,0.00025,"metaG","R",1
81,13.5078188861673,590,0.0004092594960992,6.73400673400673,3.65050935182507,6.73400673400673,0.259644505242488,0.13312331163565,0.496166667941042,-3.05096645167815,-3.10402666532757,-2.68608969343858,1.06691108338982,0.904838457588849,1.44885460848273,0.139079078663441,0.00025,2.85504237371748,0.00025,"metaG","R",1
82,53.9846084230994,623,0.0008955223880597,1.25163301634966,0.969156121583166,1.655520628769,0.440301024461728,0.200745314447994,0.873191750438749,-1.39379548802674,-1.62684401762196,-1.12663988305387,1.83454975451764,1.70039515340319,2.11659341529921,0.0416823725758884,0.001,0.220931535439858,5e-04,"metaG","R",1
84,96.2699204445859,3783,0.0005511666360462,6.73400673400673,5.40775243426413,6.73400673400673,0.725627985325272,0.650184107833357,0.850539833556935,-2.67480874603166,-2.697074138737,-2.54309559497904,1.8683327227522,1.82899485970534,1.92996089077873,0.0693529200518126,0.00025,6.00692009453348,0.00025,"metaG","R",1
85,286.949154417562,2728,0.0011736726688698,6.73400673400673,4.41460023857807,6.73400673400673,0.125169251903676,0.0731937816358166,0.215269621914073,-2.81889125848493,-2.845069327041,-2.58550514596739,2.19869724399451,2.02658644709244,2.63961355685797,0.0733443214233362,0.00025,3.80146408094298,0.00025,"metaG","R",1
92,40.8451670428931,1260,0.0004593055300385,6.73400673400673,4.63213043626071,6.73400673400673,0.40891373713916,0.308999767129411,0.582893448711842,-2.72572271851004,-2.76375878613048,-2.49992732722512,1.57467105294103,1.47125618647104,1.8022546079889,0.104302275278366,0.00025,3.76568831298985,0.00025,"metaG","R",1
98,0.421705986361799,29,0.0025239777889954,NA,NA,NA,NA,NA,NA,NA,NA,NA,NA,NA,NA,NA,NA,NA,NA,"metaG","R",NA
100,46.6093564946575,985,0.0011994242763473,6.73400673400673,4.27474372716928,6.73400673400673,0.303033765330342,0.203276029974127,0.483856022778257,-2.49199198922511,-2.5339690706389,-2.22153560503023,1.80603864861381,1.67161572448979,2.13143652746853,0.0566219515673001,0.00025,0.671931936962928,0.00025,"metaG","R",1
102,45.4762857740731,593,0.0001837222120154,0.741515365657661,0.662443077410011,0.841251090723309,27.5630128893448,7.44783408806446,175.074016098045,0.450544474538376,-0.148817673057755,1.24101613664116,1.65779631444051,1.61495423440625,1.69958273641298,0.0654736833636891,0.00025,0.515623104272144,0.00025,"metaG","R",1
109,16.87922180935,566,0.0007141764015711,4.96280055079302,3.33914650624743,6.73400673400673,0.877558970798949,0.613475435147068,1.33571302559656,-2.24398730343369,-2.46157205120982,-1.95097939098151,1.25776605567896,1.18404340979017,1.36602286979833,0.0627094591045395,0.00025,0.505396950005556,0.00025,"metaG","R",1
110,44.9505703901847,800,0.0009184512012374,1.89060942588492,1.53516625817616,2.44491072649763,1.05386710321914,0.703962758392786,1.62116803424399,-1.48502603051392,-1.70651040334906,-1.26577740276364,1.67168243169315,1.6111121505583,1.76105689977718,0.0433830297382712,0.00025,0.280351306511845,0.00025,"metaG","R",1
111,14.252509928441,492,0.0012648958125291,1.78327136293326,1.3657221818984,2.37582131325882,3.81697853494044,2.20835578694353,10.6535872439441,-1.20859845829167,-1.53761435729196,-0.691777143587336,1.15673967526581,1.11725263620391,1.19748437279446,0.0373078885352877,0.0285,0.104107673293389,0.0315,"metaG","R",0
122,89.9548962706741,1453,0.0003397473515149,6.73400673400673,4.61500541899906,6.73400673400673,0.112222494350848,0.0443862475194009,0.223869832022279,-2.52173353260167,-2.55484514185079,-2.30188390121183,2.22571740756243,2.02948320924342,2.72280778190528,0.0463999570010269,0.00025,0.725284682948407,0.00025,"metaG","R",1
123,58.5747651854722,1547,0.0003088612286499,5.66342180544812,4.17406369878481,6.73400673400673,0.27991691708111,0.179620340922887,0.412211946429177,-2.53435945840165,-2.65719613207989,-2.34530911576217,1.91708464316943,1.78883192079796,2.21386919515861,0.0390888783512893,0.00025,0.397216732551886,5e-04,"metaG","R",1
124,30.9085550923399,608,0.000539374325782,2.87519174695915,2.13018593700743,4.39366286102155,0.337197502005554,0.147444644484088,0.611729898694833,-2.03269800899408,-2.31087822448218,-1.79940655340973,1.64142689879342,1.49499106252057,1.966128000265,0.0422652221504498,0.00175,0.275970795877986,0.00025,"metaG","R",1
125,69.5163312646564,879,0.0004941779658399,2.87993309718186,2.23898775178362,4.04881122609077,0.321910419146161,0.161726037221136,0.53879741990622,-1.91456664202515,-2.14666249250716,-1.71595779135397,1.93959454301466,1.80155926909402,2.24628889100959,0.0248301595888092,0.099,0.0817145074652513,0.09275,"metaG","R",0
128,10.7963214829698,284,0.0017908309455587,6.73400673400673,1.87317584405496,6.73400673400673,0.136898840559296,-0.015390802705933,0.528516099535173,-2.74415812651752,-2.82902987913076,-2.0010945075322,1.20332421174097,0.960233168941116,1.74771213076103,0.0540096325876751,0.0215,0.132171884490689,0.02025,"metaG","R",0
131,1.77105878970924,63,0.0019611688566385,1.66388146432465,0.625085787750367,6.73400673400673,2.02695687608314,0.567160749124142,182.403989178494,-1.47559739990355,-2.46520961637157,0.771716624076712,0.248163474348179,0.115478573665705,0.403718739058752,0.0610961521229795,0.534,0.0256693587215259,0.81325,"metaG","R",0
132,9.81121761196807,201,0.0015410479125805,1.86998769474205,1.14338489492138,3.77755730203537,1.08620296271601,0.456626112203884,3.16666602225028,-1.5362990839825,-2.05242929439769,-0.964819464835532,1.00385842426859,0.896789595065641,1.16059592112296,0.0387279398203844,0.3975,0.0340512854786455,0.598,"metaG","R",0
135,7.73989420552784,251,0.0014090460758066,1.46403218504728,0.915317099805122,2.52524179023883,1.75619458792236,0.858520138420448,6.73851602472074,-1.45295177656853,-1.90731633229263,-0.760219620585954,0.879467825068878,0.801055106433601,0.970058020610482,0.0412548997468205,0.16025,0.0630072190522678,0.15625,"metaG","R",0
136,9.71158000137585,292,0.0008673967255773,2.57928938298941,1.60964280504904,5.48600959911176,0.546543338917497,0.211271824943278,1.20641091110532,-2.05888170702949,-2.53672368038765,-1.64517474541509,1.06343345792096,0.926675259002756,1.32319583604746,0.0453089380886759,0.04225,0.0805416101870811,0.079,"metaG","R",0
137,11.0043745686345,302,0.0005603182607721,1.13075480876751,0.868467181209491,1.50670650965998,4.05447473590698,1.85571559998857,153.874367096582,-0.886115883295234,-1.29127953003663,0.697118268308309,1.0439586655065,0.986339682823009,1.10220687334753,0.0703107166159788,0.00025,0.296896707979687,0.00025,"metaG","R",1
138,4.47939267486808,149,0.0008534243652656,1.46702177826156,1.07562179484053,2.27814123552644,8.50174122319712,2.47397414688864,186.826929998901,-0.767536706780839,-1.450887878142,0.675659378599948,0.644500528856246,0.578869763857666,0.710532439947508,0.0742566128252019,0.0085,0.164922854241,0.004,"metaG","R",0
142,4.17504864008654,162,0.00023883887562,1.18382172102703,0.971194839091726,1.47755513856277,255.939475898994,209.79033532982,319.691939022681,0.744548769529934,0.680843539828032,0.80308873652753,0.620507463618386,0.558085680663945,0.67980408286113,0.0596081467983989,0.133,0.114126979998903,0.07125,"metaG","R",0
143,3.28145432893418,100,0.0011676786548341,1.22945269250576,0.905705213779355,1.70681034584029,251.72181832451,185.173503938317,349.845590372923,0.819177514787282,0.737873263515207,0.894624088034276,0.513999150462698,0.438445666973348,0.589134789308942,0.0711572538212564,0.164,0.174050953490139,0.01075,"metaG","R",0
144,9.5808012260515,294,0.0007687576875768,1.11838533444197,0.938509809168257,1.34238762177768,203.180519042362,170.3411489057,244.075961222613,0.765346227190627,0.715317302443048,0.811941566152459,0.980126486585385,0.933462413013926,1.02669811059263,0.0269363238167796,0.81375,0.0350380307619388,0.7405,"metaG","R",0
145,17.5049534989317,346,0.0008701116643302,5.45366461199085,2.29589638653599,6.73400673400673,-0.058681387285307,-0.180128556480336,0.16530125679266,-2.79392359796315,-2.97235831672952,-2.26919154833916,1.52240029080094,1.15556311936709,2.42689674176626,0.0445990921053692,0.05025,0.15105632812997,0.0135,"metaG","R",0
146,9.7015118582516,264,0.0006074596039363,1.79409686505612,1.24526157963311,2.90929605134992,0.812909100895085,0.347875422295551,1.86802912264274,-1.75853796472167,-2.14816298305876,-1.34529657263345,0.999384980174631,0.885959471354285,1.18054777097456,0.0419993957798446,0.11625,0.0808820637386356,0.07425,"metaG","R",0
147,3.42859213513712,171,0.0002939555392246,1.91880074058986,1.33527047160309,3.06335427850133,3.07200059237604,1.41501453097379,33.4927711016713,-1.49704260790439,-1.97341485451579,-0.349940067288034,0.52987692777929,0.458744194957017,0.602803544463073,0.0588737259384608,0.05,0.0664493487896078,0.16775,"metaG","R",0
148,7.23370530801334,287,0.0006797721844571,1.25336774881722,1.05495361540175,1.49895811377795,185.276228614866,155.787984260702,221.776200042909,0.565841076136525,0.519575368695026,0.608611733759575,0.858899998167201,0.814657422431238,0.901908323970617,0.0301572757363344,0.69575,0.0380619040216091,0.6955,"metaG","R",0
149,9.87826254559779,467,0.0007988815658078,3.73936383765235,2.3549908724871,6.73400673400673,0.639935692567604,0.375472672139097,1.1191149170974,-2.36712014063257,-2.71962568177374,-2.02080914331277,1.05986334752621,0.95851218829851,1.24358588711963,0.0469138551688143,0.00275,0.229775916898976,0.00075,"metaG","R",0
150,2.10094882971084,129,0.0004225610876354,1.40296833117949,1.03072497269154,2.24154171559074,10.1328143349259,2.50620536072898,192.235930558833,-0.933203225316815,-1.6865713245212,0.439434170711672,0.320773904808423,0.249614218493965,0.39068329130513,0.0506701784642928,0.33775,0.0384869694691181,0.562,"metaG","R",0
151,1.22030629387167,69,0.0008376086273688,2.58587842527776,1.36671092913479,6.73400673400673,3.54698073748292,1.25359465406957,183.040427264065,-1.6125658875359,-2.38170036943978,0.30295659194659,0.0873962906698727,-0.00554944847817096,0.18739089559595,0.062112793119563,0.4805,0.0718968080355733,0.14425,"metaG","R",0
152,16.0168314506975,413,0.0004859956516178,2.46689534832367,1.63504015038695,4.53132857918632,0.102919748781754,-0.0698789175703872,0.37362882964057,-2.26407466835229,-2.65113936108654,-1.93694933628174,1.47165199815407,1.22058030343602,2.06236774785475,0.0720075313691741,0.00025,0.543386808429386,0.00025,"metaG","R",1
155,153.603462424784,3585,0.0001837222120154,3.56601459265789,3.16730282565284,4.11327216422997,1.2606525626825,1.08473986237356,1.47552719703527,-1.89481353372842,-1.99934360296831,-1.79612729472019,2.1108079784921,2.08598496152763,2.14065694795429,0.0488987512707789,0.00025,3.11894467387622,0.00025,"metaG","R",1
158,31.247434810382,1133,0.0013310745401742,6.73400673400673,3.00473990237675,6.73400673400673,0.606384311678952,0.477552988663458,0.896692243562809,-2.91178995289881,-2.96168049171632,-2.4769460935551,1.1952165320962,1.1192804224319,1.33647975294325,0.0950130716487201,0.00025,3.23618671084778,0.00025,"metaG","R",1
168,4.45340625010632,115,0.000705467372134,1.27372208734642,0.847498023821605,2.19634114404114,3.70669430414668,1.20169200397996,179.864302154072,-0.950581274884806,-1.60035169320278,0.857904751918476,0.647749408433054,0.553865483337333,0.741475184054571,0.0726865423213974,0.0445,0.128664511308127,0.01275,"metaG","R",0
173,589.512486179382,8462,0.0007228306046478,4.74271890903039,4.15300468864266,5.54637645688803,0.258062521448909,0.207443698738707,0.312659338207389,-2.39319463680686,-2.48611404743704,-2.30983968232797,2.76993519615592,2.67506301977991,3.0190152960857,0.0215800024770034,0.00025,0.738834098906864,0.00025,"metaG","R",1
175,559.886313402432,2989,0.0002895727485718,5.68129032419927,4.64557598727937,6.73400673400673,0.843437461502244,0.718108469028679,1.00586811829048,-2.20593951722763,-2.31796763843923,-2.07314330411663,2.09720789087851,2.05888695200859,2.15586247672681,0.0654005347775449,0.00025,3.72675395873471,0.00025,"metaG","R",1
178,2.52339464777037,116,0.0005650297924799,2.93616934147927,1.6705007401864,6.73400673400673,1.83560962788605,0.826202343707635,9.44714193049497,-1.88770620792846,-2.47969986853252,-1.00037624496524,0.377143294234698,0.287774821123141,0.486558796997724,0.0846800577418235,0.0105,0.127820537144973,0.01325,"metaG","R",0
180,16.2786623483917,606,0.0006270499710592,6.73400673400673,4.10765212236338,6.73400673400673,0.582763499543147,0.418330975891604,0.904746488669481,-2.67015837478867,-2.72924622255984,-2.35856845404066,1.1667381827106,1.06570552238006,1.34295658363465,0.147722984425405,0.00025,3.07941673927696,0.00025,"metaG","R",1
188,1231.82937867783,11315,0.0007530120481927,6.73400673400673,5.62039144933218,6.73400673400673,-0.083731759591983,-0.103868115729693,-0.0535661794453767,-2.74939256812542,-2.76220576391558,-2.64691320356965,3.4935258200349,3.19240514129224,4.38054085057269,0.0518097998559656,0.00025,9.69285608933264,0.00025,"metaG","R",1
189,96.5002412876786,1503,0.0007245626746713,2.62921463243314,2.26176241124593,3.11042514156816,2.16854728630956,1.69738918614602,2.91164894269453,-1.4669169301858,-1.62702928252553,-1.29363876425437,1.79351258944817,1.76665765840234,1.82206072438332,0.0882684179793041,0.00025,4.266628205245,0.00025,"metaG","R",1
191,116.297576564804,2557,0.0003541285486631,6.73400673400673,5.06237800067028,6.73400673400673,0.301000853066272,0.239136977602762,0.403437518046858,-2.86986991983527,-2.89541572973697,-2.70543288596752,1.85413177927218,1.74737278857095,2.1059406200953,0.0758976567850885,0.00025,5.34999220637256,0.00025,"metaG","R",1
193,229.84537458841,1953,0.0013313806417254,6.73400673400673,3.95046965260774,6.73400673400673,0.129192320466303,0.0679936454827273,0.240727262462681,-2.80266007909811,-2.83490668244778,-2.50966305299036,2.04979315305358,1.87888434618011,2.50811576600747,0.103253276962123,0.00025,4.32844594968869,0.00025,"metaG","R",1
194,371.705615459127,5956,0.0013535070334026,6.73400673400673,5.41986230367553,6.73400673400673,0.837250242233305,0.771770423401148,0.956592508257605,-2.55489542725641,-2.57275014807337,-2.42456212873112,2.12618724481173,2.09661939988113,2.17118506269897,0.0957325986458001,0.00025,17.4242640248684,0.00025,"metaG","R",1
196,277.239814375615,3087,0.0003246178362745,6.73400673400673,5.27916072405336,6.73400673400673,0.516282720439722,0.447194874294423,0.633834495686242,-2.65215722184573,-2.67597998488262,-2.50744737389921,1.94546073721584,1.8836008507864,2.07180864790763,0.0862508173880057,0.00025,6.04902811796317,0.00025,"metaG","R",1
201,238.50090695585,3546,0.0004336983627886,1.35520427190788,1.25476469843138,1.47487404729082,1.62517194405196,1.32401090598386,2.02665892975569,-1.18409829352032,-1.28546732234611,-1.0753068422644,2.28811667374389,2.26410520900244,2.31487204898394,0.0571129400078721,0.00025,3.73638795151882,0.00025,"metaG","R",1
205,1213.28234682392,14311,0.0005075111652456,3.41905425218026,3.18820883858646,3.6897060783614,0.686470486970825,0.624046260780533,0.753208397322144,-1.91511208741434,-1.96943775681953,-1.8638527990136,2.93692686647674,2.90936968101996,2.98472245367789,0.0194948033087369,0.00025,1.5448114979806,0.00025,"metaG","R",1
206,60.5645820800707,1076,0.0006650778695338,6.73400673400673,4.25357335852256,6.73400673400673,0.122391785920589,0.0409893721574617,0.258385117566962,-2.73304749848786,-2.77481978411839,-2.4679987273649,1.85506778945909,1.65589005644561,2.35125192911737,0.0877486383397017,0.00025,2.17020564203743,0.00025,"metaG","R",1
208,4.86606817107993,242,0.0009186954524575,6.73400673400673,2.5940614758374,6.73400673400673,0.405981752827261,0.198583587119228,0.968758665850246,-2.80164335970408,-2.88332746057119,-2.19764847611888,0.763487959545812,0.596523846312093,1.11527178002925,0.0583890393489629,0.0235,0.221758498435578,0.001,"metaG","R",0
209,252.384513368849,1693,0.0002632479532471,6.73400673400673,4.57835773962347,6.73400673400673,-0.136751627244946,-0.184595303248061,-0.0634740736994437,-2.88878315329996,-2.92039950137089,-2.67164035621788,2.58325764501496,2.18159474907598,3.67181749019826,0.0810984692428067,0.00025,2.8221196417836,0.00025,"metaG","R",1
210,20.5099883475971,600,0.0003397473515149,6.73400673400673,3.98096712801514,6.73400673400673,0.215524736197934,0.0979083116030329,0.428478542431353,-2.8543875425882,-2.90818771231272,-2.5318928425965,1.32763943443264,1.14754242587934,1.74153015072395,0.130070276998808,0.00025,2.96022854337527,0.00025,"metaG","R",1
7,6.70364085265787,66,0.0005371530886302,1.98651785189369,0.996800090335193,6.73400673400673,0.54465565203968,-0.00752473921887932,5.02186644707919,-1.55587130231673,-2.37450025373756,-0.522561198749987,0.78081109309382,0.553748700277143,1.17836771780872,0.0769754933388715,0.1895,0.0499325652559926,0.339,"metaT","R",0
11,1.17215857386543,16,0.0077881619937694,NA,NA,NA,NA,NA,NA,NA,NA,NA,NA,NA,NA,NA,NA,NA,NA,"metaT","R",NA
18,3.28747374314006,26,0.0088192062714355,NA,NA,NA,NA,NA,NA,NA,NA,NA,NA,NA,NA,NA,NA,NA,NA,"metaT","R",NA
22,2.94980160677614,80,0.0009016319538364,1.49555952117432,0.645168532208459,5.63120587627508,0.777046462569602,0.104447023553046,95.8303648028163,-1.70015092562063,-2.56534439562722,0.473991509817447,0.471257861681626,0.280310286002382,0.764584185943468,0.0632333332135652,0.3025,0.0362093559983806,0.545,"metaT","R",0
23,14.8728460093765,42,0.001504244117331,NA,NA,NA,NA,NA,NA,NA,NA,NA,NA,NA,NA,NA,NA,NA,NA,"metaT","R",NA
25,6.50632290249758,39,0.0004859956516178,NA,NA,NA,NA,NA,NA,NA,NA,NA,NA,NA,NA,NA,NA,NA,NA,"metaT","R",NA
26,1.66606789214824,60,0.0016626167029031,0.98330363888345,0.563017649723347,1.61674854327045,268.257983936767,153.171323557991,441.71431090605,0.851528086967141,0.719290847897127,0.960549882167743,0.219932458656287,0.117413446077103,0.322999193830203,0.0565399539972711,0.7705,0.0328218795186315,0.755,"metaT","R",0
30,12.4202288811539,60,0.005587192435801,6.73400673400673,0.136847308512207,6.73400673400673,-0.143869101929145,-0.344604325153987,2.99537338588278,-2.44197926309912,-2.65800879326553,-0.056250905439933,1.25162035959769,0.727327772090237,2.38562546221072,0.0834207204244543,0.21575,0.101352212044739,0.05625,"metaT","R",0
36,8.81437368802121,156,0.0002844729492086,0.648750040144267,0.500136835153901,0.911019818864957,13.5304717007641,2.18379440820273,191.916107879715,0.0583724810708135,-0.80946345624018,1.29404852265344,0.942653202134072,0.853902857915312,1.02696490758234,0.0554960887165373,0.1485,0.077401097360693,0.137,"metaT","R",0
38,6.18448741568277,33,0.0053346265761396,NA,NA,NA,NA,NA,NA,NA,NA,NA,NA,NA,NA,NA,NA,NA,NA,"metaT","R",NA
39,11.1460472707151,126,0.000650547544183,0.996874207657485,0.625948809044061,1.69218705857255,1.14837766667522,0.321562101145328,18.7409337881364,-1.00146445403824,-1.53707268519854,0.301799835559117,1.0344564163614,0.892204548013366,1.22051604408773,0.0452722004494793,0.52075,0.0512591041483419,0.297,"metaT","R",0
41,2.60959523004957,62,0.0008275576704251,1.19643577912953,0.708919097567729,2.79525982521242,3.5135005094139,0.738816569272221,189.808229229515,-0.915277730444779,-1.86487484702362,0.988049453392079,0.411384955063413,0.283975333465229,0.542652460695076,0.0825461434510192,0.14275,0.104384229642733,0.03275,"metaT","R",0
46,3.48644617362082,123,0.0004655011896141,1.28102792984709,0.826662022880001,2.21257600141777,2.05380891765237,0.745480185802493,171.534164820822,-1.34198763757602,-1.90909598684375,0.576480279372227,0.542378884696293,0.434498549668862,0.660345669588924,0.054282480433308,0.2565,0.0657424318894402,0.165,"metaT","R",0
51,2.1781545417094,60,0.0029417532849578,2.89365159123485,1.29618165117254,6.73400673400673,3.16869068813612,1.1759364336102,186.588227495383,-1.41192314027847,-2.12258660987799,0.635760912381672,0.327159815134442,0.226383664993148,0.435513143170586,0.0830303035444044,0.15925,0.0950877782330686,0.0495,"metaT","R",0
52,2.30556736575068,72,0.0005144221936432,1.53869550731797,0.96629701377106,3.35013835918534,3.96568539505003,1.0410730414212,187.253268716621,-1.0895025504805,-1.89651836894562,0.740919724641158,0.354832284373316,0.243971007907946,0.469165190798283,0.122200780532777,0.00075,0.26558616951758,0.00025,"metaT","R",1
64,25.020319080666,416,0.0007175071750717,1.23023872702907,0.963428663696457,1.5982309925087,2.17869459351186,1.19256210378811,5.66895737369463,-0.982132002157111,-1.28829749023929,-0.530206142354039,1.39231041310138,1.33322192931068,1.45907033231198,0.0225246991452596,0.75325,0.0365609871978479,0.5765,"metaT","R",0
65,9.94594177930937,132,0.0005611386012345,0.619892913276173,0.333365574728669,1.16891752670537,0.603787616340847,0.0123817302754405,15.8883316272733,-1.07205825650346,-1.69578994033293,0.342669889614057,1.05242501628567,0.84297818066824,1.39548918823659,0.059221915332384,0.09375,0.0962312537558234,0.02825,"metaT","R",0
66,43.6915281820806,152,0.0001837222120154,0.466870542873183,0.358875352313166,0.62870456562134,10.8388777542383,1.68388341773434,191.796973156366,0.811155132092933,-0.056061914912089,2.14857829385375,1.63677633934621,1.52996399824111,1.73950289283252,0.0929330694009183,0.001,0.273928497174317,0.00025,"metaT","R",1
67,24.8695749897637,95,0.0004833953690723,6.73400673400673,1.23925114729309,6.73400673400673,-0.258801772935447,-0.407499319012405,0.13947293699881,-3.21207746759585,-3.35640386806186,-2.11926783524643,1.06730255182164,0.405909332962075,2.50116475789978,0.125952277260693,0.00075,0.318019498784412,0.00025,"metaT","R",1
68,16.8818279528089,65,0.0005125051250512,0.585242615617572,0.402401673749946,0.851079726991375,185.785478127031,127.248991982399,270.62978217497,1.90668135451925,1.75061870143669,2.0323501654512,1.22116887493156,1.07711939387628,1.35212448341877,0.111762615799011,0.0295,0.171561624649356,0.01325,"metaT","R",0
70,15.070356222139,95,0.0002020944332169,0.988505580931805,0.622160918315397,1.85900406280617,0.487988463820114,-0.0481035727950706,4.30444752312902,-1.13177957531405,-1.73808389765562,-0.2455394801673,1.10545691359267,0.869012556095133,1.51554887643869,0.078908607141802,0.03625,0.137723648914892,0.00675,"metaT","R",0
72,5.80272910633687,82,0.0005603182607721,1.65843448485601,1.00212549067926,3.86474571721069,1.68642895398423,0.502286052478394,171.782053301153,-1.17950034048551,-1.86985288909879,0.868150481564076,0.720241010612368,0.592210444572588,0.876669764486009,0.0692364811541039,0.20125,0.074766437950549,0.12175,"metaT","R",0
76,11.9724518667701,104,0.0007531254707034,0.90720027057675,0.646944388959223,1.46526330527475,5.57960894160414,1.27772235661278,188.198622965766,-0.158967844615729,-0.907172900203604,1.47874221115935,1.07217677451725,0.969402975489138,1.17592468419212,0.0743676407731867,0.0555,0.118494475585372,0.02425,"metaT","R",0
78,5.59055745448979,118,0.0038327526132404,0.908429067991481,0.453763480437441,2.08283387696982,5.50212829573392,1.31496183085947,187.143705226533,-0.593938563424303,-1.47908251218751,1.11236667006469,0.74567815373484,0.658640109660145,0.840483259158831,0.039276537944594,0.775,0.0270226662666738,0.774,"metaT","R",0
80,178.351665528078,916,0.0023538642604943,0.282182326194447,0.226045955560917,0.343611990902654,95.1192327695351,75.9975681293089,116.043912875678,1.69717337400958,1.6294461431712,1.75568832454543,2.25959385474179,2.20583422461096,2.29604347989784,0.0344979569646254,0.00425,0.221998189356154,0.00225,"metaT","R",0
81,54.1794119705815,252,0.0010736525660296,0.178818313527285,0.0449033749822832,0.372641853648166,0.486802015939727,-0.0479999998544161,8.97420127439089,-0.383415012214914,-0.962312310535361,0.828673011749438,1.74734504016352,1.53035549567165,2.10951644577256,0.0473914777868261,0.04425,0.0606390014722348,0.17975,"metaT","R",0
82,36.5287570817094,343,0.0012327922745017,1.86377509704197,1.22915230973442,3.26798437103849,0.17196796789004,-0.0531653683287511,0.573621354623067,-1.71313871298012,-2.10319820655439,-1.33883681654444,1.70859199472384,1.47426696994314,2.23964232492989,0.0272083772328715,0.576,0.0328313778661729,0.63325,"metaT","R",0
84,827.017616337864,3186,0.000482346131584,0.61194180598083,0.566728711712377,0.660579531703567,1.43317259731786,1.07733103824483,1.97652663299296,-0.234408828658813,-0.360449001016002,-0.0915384638120572,2.90923421352313,2.87370157993786,2.95123349466481,0.055360106287642,0.00025,2.50015874680782,0.00025,"metaT","R",1
85,1225.96222626241,2224,0.0011852554225435,0.550331735757321,0.497716345223737,0.606870977798542,1.28755607063144,0.906927168850624,1.9837320528592,0.0684498711270567,-0.0726655358988487,0.252256427920835,3.06186946115441,3.01524025632684,3.11613294006768,0.0661388748147912,0.00025,2.49861553600124,0.00025,"metaT","R",1
92,32.2812590784161,546,0.0008348639171814,6.45627975596705,3.55091726495455,6.73400673400673,0.16252125444761,0.0443404257332431,0.37928827692413,-2.66396762749538,-2.73898263424669,-2.29489427851621,1.53229115868359,1.32518452888166,2.04788986853084,0.0289213611119559,0.2475,0.0815467236023089,0.14225,"metaT","R",0
98,12.1898439749107,17,0.0052476221712036,NA,NA,NA,NA,NA,NA,NA,NA,NA,NA,NA,NA,NA,NA,NA,NA,"metaT","R",NA
100,30.6813581077737,587,0.0011429758935993,1.82819967730365,1.42208802616131,2.45331908330191,1.23712998865148,0.777930680435901,2.1357237918761,-1.43215721282777,-1.6862243444772,-1.14539555647706,1.50678766704961,1.44540189301762,1.5894691758777,0.027380464659524,0.16275,0.0748499265083683,0.105,"metaT","R",0
102,29.4437922603577,151,0.0005782644837182,0.63620693415167,0.427635399155238,0.964638376424681,1.23562579804735,0.306383767321422,30.361524160742,-0.423180983098034,-0.944769137863299,0.984998658196092,1.47198751371365,1.32325625393315,1.66245669685886,0.0508167558497148,0.216,0.0900367529934298,0.051,"metaT","R",0
109,8.28875152878547,118,0.0002755833180231,1.37909697665357,0.847621210113503,2.8562935929545,0.65758738997156,0.0969934590458945,3.45514687993179,-1.60804053092846,-2.18440723441372,-0.865845875271159,0.759794106021411,0.576690184459979,1.04546043037492,0.0724129138004286,0.0335,0.0893971428471174,0.05425,"metaT","R",0
110,7.02810007247999,73,0.0007228306046478,0.764236264803553,0.322317550786211,1.98305768663701,0.612293480110927,-0.0738577791895193,176.333869832128,-1.17148903799371,-1.97295095797531,1.32365274243745,0.762010345472064,0.515405522091704,1.14905793405157,0.116842595110626,0.002,0.145128706699761,0.00375,"metaT","R",0
111,15.7514271855855,251,0.0003975568325562,1.89888638224135,1.34366527252941,3.07982341344901,0.627057372209374,0.253461519637896,1.45103388879656,-1.63395559521775,-2.01982649700173,-1.26898019154723,1.22753967917062,1.08986483315897,1.45353765796887,0.0313468976717655,0.607,0.043384172915468,0.44,"metaT","R",0
122,12.8324855846224,460,0.0014546965918537,1.95225915497885,1.48752379099413,2.65435949093567,4.22380522310975,2.43303800532249,14.799217214665,-1.22204218809771,-1.55797944168717,-0.590514389718338,1.10932306900975,1.0704660208236,1.14798155737807,0.0348266530414035,0.07875,0.0626940136036251,0.184,"metaT","R",0
123,54.3736340702714,682,0.0003490722028293,1.59647707751215,1.29948675626451,2.01170632872791,0.652915521467138,0.379363132865424,1.10064712526462,-1.4837216621752,-1.69152674444694,-1.25625221174739,1.72999059525734,1.63567039814412,1.89797545379177,0.0328167704785272,0.01725,0.100702918730142,0.03625,"metaT","R",0
124,9.57461799505595,284,0.0020615722924683,0.659634719356627,0.473629867429143,0.977342230491225,18.2756345759625,3.36250885613113,182.589556112497,-0.0980237750735692,-0.941776747799694,0.980941654533381,0.980286359965331,0.921119533780094,1.03859671422867,0.0330213041941588,0.4665,0.0389012813891383,0.5915,"metaT","R",0
125,14.3406546350362,386,0.0012648958125291,1.2108599571309,0.898358963751515,1.67865600211403,2.94400643334665,1.50737107621881,12.6267046658384,-1.05123312554823,-1.42025460088067,-0.351553987530065,1.16060630909834,1.10475638099732,1.2175455157419,0.0350147551803569,0.12275,0.0805008576262904,0.07475,"metaT","R",0
128,3.25581198544613,118,0.0006213258136978,0.480204111973369,0.25624789854651,0.928550650715624,4.94553981520905,0.969188773680242,188.343258980027,-0.613760317137237,-1.45972272184711,1.09985274000753,0.509990090742324,0.396185753260062,0.625160138128245,0.0848693545110661,0.006,0.115584829445155,0.01725,"metaT","R",0
131,4.46003464315718,28,0.0077594568380213,NA,NA,NA,NA,NA,NA,NA,NA,NA,NA,NA,NA,NA,NA,NA,NA,"metaT","R",NA
132,9.23194290346791,67,0.003008488234662,5.72081230558041,1.31728371278106,6.73400673400673,0.32282243155746,-0.0142322819318143,2.34011162559962,-2.17726484306457,-2.4090605036198,-1.03616224121687,0.807550811610479,0.543678280193977,1.34064986292469,0.106509614009085,0.03,0.175962557806822,0.00625,"metaT","R",0
135,0.789694058638725,39,0.0005235053921055,NA,NA,NA,NA,NA,NA,NA,NA,NA,NA,NA,NA,NA,NA,NA,NA,"metaT","R",NA
136,13.2777874716771,115,0.0004655011896141,2.22998680701681,1.32115237198563,6.37935248742323,0.563573469680969,0.090243975318464,2.07462435124282,-1.56939218538315,-2.21602551594693,-0.974220967845577,1.05831192442333,0.869526826061673,1.38082142248492,0.0611066369566841,0.157,0.0878147369325668,0.06525,"metaT","R",0
137,24.2884128973724,84,0.001401214385801,1.15371133457394,0.721643349917538,2.25439235209678,1.44209436945078,0.35163402189981,174.721550274617,-0.466967650629225,-1.1089731169821,1.66771482587906,1.35115223557834,1.19659924967875,1.53454342607582,0.0581019099846042,0.42275,0.0559543719011584,0.254,"metaT","R",0
138,10.983851063751,93,0.0063694267515923,6.73400673400673,1.26530396733569,6.73400673400673,0.734779526561528,0.329972124596051,3.88835146025671,-2.07016948031695,-2.21365067716183,-0.777226452831899,0.849305069795445,0.693715719999458,1.10426235328969,0.134131037399435,5e-04,0.319596406995664,0.00025,"metaT","R",1
142,3.83605843604982,118,0.0005125051250512,1.33384577315797,1.0571954723736,1.75013881064731,230.608779452964,182.571589128047,302.8938284216,0.747960510134372,0.674910544165493,0.813440308249386,0.582551016577697,0.512096306115562,0.649278177236453,0.0642122138756333,0.19875,0.0999408800450683,0.10375,"metaT","R",0
143,13.1950044545233,76,0.0009827247336298,1.72794005114231,0.900156424274949,6.4963658608114,0.668638807881053,0.045629707540407,5.02381054822902,-1.33211722206739,-2.17711897387518,-0.383173983768181,0.934311816835634,0.732200864254993,1.26042287502662,0.126203500790792,0.00075,0.312335185125233,0.00025,"metaT","R",1
144,3.92839391666162,121,0.0008267879288962,1.16610035206894,0.706808497678521,2.23820201668493,2.44205931440698,0.79968852771565,176.876888435886,-1.17326416905911,-1.82184760196006,0.802286480421946,0.595442712578957,0.488860703705795,0.713693708419293,0.0637372456491913,0.1025,0.0762119617832848,0.10925,"metaT","R",0
145,25.4249598486354,229,0.001092746892501,0.491519817031807,0.308397555151215,0.751958830009494,1.74701408480143,0.546969148530834,143.05239572048,-0.437918134233194,-0.931904969146969,1.48400582033478,1.41304524106995,1.30488402489,1.53358403135296,0.0412972747962336,0.20825,0.0703345876561411,0.122,"metaT","R",0
146,8.52002540585734,89,0.0006138892441488,0.725912832229087,0.359007090295425,1.56025619492286,0.438243110860217,-0.117403950719975,123.332225880522,-1.12547589274403,-1.82739914283289,1.16813941844103,0.999749324029643,0.731776027365872,1.46137818150818,0.0828100940146071,0.03,0.106652605346639,0.019,"metaT","R",0
147,10.1899163133834,80,0.0008534243652656,1.16009068675205,0.580354138213752,3.24754594998836,0.300504631621326,-0.153922108088779,4.33559183729879,-1.30872670019527,-2.09750121442332,-0.211637241368796,1.0720456238618,0.782261742234602,1.61246173338909,0.0875563829768259,0.0265,0.156483395476446,0.0015,"metaT","R",0
148,12.259479226357,93,0.0007531254707034,1.21310849268448,0.70054738762636,2.60019870238662,0.684012282444677,0.0651897356212055,6.84848714729602,-1.11125926506355,-1.75056242345892,-0.103926765718445,1.08106431299631,0.879722298142005,1.37506347918629,0.109202013025399,0.00075,0.320059185884726,0.00025,"metaT","R",1
149,11.9907824073895,231,0.0006981444056586,0.653079563955273,0.485971137420435,0.915418859782434,9.54897553469461,2.25137619096283,186.011072047037,-0.143700064522235,-0.86436659944616,1.2343301208666,1.07713226632612,1.00457599242734,1.14954998821538,0.0553448685245702,0.026,0.0835745518088185,0.08725,"metaT","R",0
150,8.95721817249876,61,0.0011246221972306,1.1129168042222,0.592146626317776,3.06161241354779,0.961328343021757,0.0889878978544832,176.960184891249,-0.88241665673262,-1.72630628772544,1.45371574006555,0.947933416602399,0.744742227707336,1.23236937037146,0.0931446781812399,0.05575,0.076338196722502,0.09375,"metaT","R",0
151,5.60355937656386,45,0.0074285714285714,NA,NA,NA,NA,NA,NA,NA,NA,NA,NA,NA,NA,NA,NA,NA,NA,"metaT","R",NA
152,65.3216098489018,189,0.000362056480811,1.14749217038186,0.864527490286047,1.68976145676498,1.09410675513887,0.409975587523109,3.55119883723938,-0.491711722199214,-0.898173871898947,0.0378443368390222,1.79908504586653,1.67651606828444,1.96276370010986,0.0650759482317608,0.00825,0.112639664934848,0.0235,"metaT","R",0
155,1421.63812148171,2842,0.0007968127490039,1.05209937930701,0.96369920678992,1.15371724703675,0.514090313486261,0.367098446701606,0.697049884711141,-0.549645000239808,-0.656464309172338,-0.444231388709747,3.21031303986886,3.13416061466606,3.37489736744193,0.0274639742922671,0.00025,0.374593782771573,0.00025,"metaT","R",1
158,60.2274433397856,981,0.0008221430528912,6.73400673400673,4.30018449410857,6.73400673400673,0.190797208379645,0.100040442766371,0.338920566482122,-2.5357241341105,-2.57770172473683,-2.26869890134199,1.90535614694088,1.7335088924489,2.30365809251135,0.0230527323551756,0.18375,0.0651692722791032,0.26725,"metaT","R",0
168,0.93101670053986,17,0.0062981105668299,NA,NA,NA,NA,NA,NA,NA,NA,NA,NA,NA,NA,NA,NA,NA,NA,"metaT","R",NA
173,946.239391019235,6691,0.0009876543209876,3.7408733725878,3.27438757389334,4.37263043008682,0.0277306128727641,-0.0157400518849568,0.0731929086876933,-2.11030982614635,-2.20785889988095,-2.02456560470139,3.27468435716869,3.06358940105029,3.85596973425528,0.0129145166691965,0.00175,0.267211661942745,0.00025,"metaT","R",1
175,12707.7944536765,2752,0.0011819060921886,1.20058187825759,1.10272813573745,1.31482440309752,0.252137437649732,0.15395637110895,0.380467106603187,0.164014904982413,0.0705124851165714,0.26500012165934,4.23092515040222,4.10293853546467,4.53549726468501,0.0152512653392124,0.03925,0.140112961810368,0.0065,"metaT","R",0
178,86.8994831226963,66,0.0010151302750519,0.818552219238293,0.375785903812971,3.33800603609088,-0.350703835060588,-0.551109731970453,0.484615181518965,-0.898684436764472,-1.95648619096217,0.0871328820070121,2.5334660308377,1.65527380129261,4.30766125598564,0.0716134711435016,0.22925,0.0986389571125447,0.02675,"metaT","R",0
180,135.819446917388,354,0.000991571641051,6.73400673400673,2.82972748736826,6.73400673400673,-0.108957172063311,-0.216417610284221,0.0840130561737647,-2.74952917976478,-2.82331325243767,-2.22840708130706,1.8204051743996,1.39226423191137,2.85318983232202,0.076140269100924,0.00025,0.683023203316496,0.00025,"metaT","R",1
188,5088.67751475715,8749,0.0005175447676223,1.21543477931034,1.14732473833571,1.29442251108993,-0.061429215920843,-0.100311600267436,-0.0203969000155895,-1.12912022381476,-1.18676224325186,-1.0729423643501,4.15702780438445,3.86056547805594,4.97804948215165,0.00900713204837833,0.01875,0.1785702656567,0.00125,"metaT","R",0
189,278.611620980207,1112,0.0010151302750519,2.49738089672338,2.04015556183075,3.27203847924493,0.241012021730201,0.105836563876763,0.407540725627945,-1.43986823032387,-1.63134909564946,-1.27211250926634,2.55772077279826,2.40148629976664,2.93559487327739,0.0304898865649649,0.003,0.120381412055344,0.01675,"metaT","R",0
191,514.536489029276,1969,0.000628413979794,0.947922064667265,0.81158560665279,1.11593695720118,-0.116608854745814,-0.193223230221302,-0.0207591181232404,-1.40014624267542,-1.54384788650984,-1.25850327952963,3.20947430804073,2.82305266777762,4.1564746432597,0.0469022631074034,0.00025,1.09971907366717,0.00025,"metaT","R",1
193,352.660543095982,1389,0.0009320284934425,1.74604516719285,1.52363149526195,2.04605251154163,0.751289344178638,0.534116180077026,1.05916096541811,-0.982760542721217,-1.12566602377213,-0.831862340478993,2.52295990484765,2.45654065124055,2.63084108672206,0.0492636861242711,0.00025,0.985441347069701,0.00025,"metaT","R",1
194,1134.03615337766,4932,0.0012607160867372,0.871029656157335,0.78910980213063,0.959207050620303,0.149839407987858,0.071773627888569,0.241707991404024,-1.08087095072646,-1.17010786997585,-0.988752463245231,3.27969591283936,3.12179791490994,3.7063041088133,0.0392570677321487,0.00025,2.30524331365026,0.00025,"metaT","R",1
196,2661.32765374402,2571,0.0007323081019905,0.709340627295743,0.649420328951745,0.775133309278776,0.460534159132542,0.300849312811891,0.67108531569,-0.194157911952624,-0.307989789197358,-0.0730617230978193,3.3945331327874,3.3007770493084,3.57564329406943,0.0425279126716996,0.00025,1.24221901170592,0.00025,"metaT","R",1
201,1160.25359768803,2400,0.0017543859649122,1.04361186633919,0.901985240397497,1.22009649563547,-0.0997677432781313,-0.173864424785012,-0.0155222609316283,-1.1275448643006,-1.26023115880817,-0.996965202308365,3.56157980203108,3.2130347863521,4.46515926432936,0.0294913818014362,0.00025,0.659234630941398,0.00025,"metaT","R",1
205,6532.05619255076,11170,0.0003706334743799,1.18552160707414,1.12419993674381,1.25467622335633,-0.178881830466765,-0.20736297336434,-0.148327610049875,-1.25701509370831,-1.30945549514663,-1.20646320001868,4.63474927610779,4.2004890630726,5.76178971764872,0.0241454200140877,0.00025,1.80611205728613,0.00025,"metaT","R",1
206,593.157579444455,821,0.0011385984887692,0.780130282955164,0.666802964086396,0.911402932914071,0.842607101313174,0.490418410933863,1.52866661021633,-0.134320438840244,-0.331066143300997,0.10690928885053,2.74696119577893,2.66258348078855,2.87207102876363,0.0510087799184867,0.00025,0.69245967603426,0.00025,"metaT","R",1
208,18.5500497805565,134,0.0023479690068091,0.193025275634017,0.00594085176347712,0.724990996117702,0.678623054022681,-0.0361323696120205,127.813309482618,-0.573541061149797,-1.43625373995693,1.60084933811166,1.23328789823814,1.01545811521977,1.55462772692219,0.0575837940008851,0.12775,0.0800674385103154,0.07525,"metaT","R",0
209,847.151329423027,1209,0.0012698412698412,0.748721542650179,0.64761670707038,0.880530548094412,0.281168592479317,0.108020347790732,0.547373785635348,-0.537925300042155,-0.712081069956835,-0.3569926537261,2.92536885805351,2.76669489293499,3.28001176577465,0.0433582547454138,0.00025,0.597093020205604,0.00025,"metaT","R",1
210,211.383915891919,429,0.003165391717225,0.588778091311272,0.439927191411968,0.785063435153947,1.04351960175815,0.471400839776827,3.08542134471292,-0.0807294831653634,-0.394535424896793,0.404231048960075,2.32478105778154,2.22159453481576,2.46388710814373,0.0720719140554906,0.00025,0.611595669297481,0.00025,"metaT","R",1
