"station","N_10","S_10","nmin","zeta","zeta_low","zeta_high","alpha","alpha_low","alpha_high","logk","logk_low","logk_high","logN_mean","logN_low","logN_high","KS","p_KS","CvM","p_CvM","data"
189,961393,23369,10,0.58484158644282,0.477500832664469,0.61799434765631,1.49804258392877,1.38173920890052,1.64309765261873,1.64356780853367,1.60769887997897,1.70504569000512,5.95905209140245,5.94992495719001,5.96895968687844,1.01193831727251,0.00025,22795.9388674191,0.716,"metaG"
7,48791,1121,10,0.0993697763083813,0.0915675487987136,0.112136629013694,0.359008305216852,0.200771184544913,0.622122090016767,1.05955140174313,0.758473642993784,1.32052836791438,4.76150370683125,4.65578770892496,4.99992331604312,1.0241989074267,0.038,1092.65830885809,0.05275,"metaG"
11,25932,325,10,0.106154477222284,0.0949733216981546,0.127716164058113,0.0452507643622075,-0.138722520603162,0.437057839979601,1.1721098219602,0.563427695379349,1.62297721539353,4.59058752440708,4.30847156668345,5.28214623562677,1.03038754742441,0.3145,319.297287037816,0.2125,"metaG"
18,35001,1039,10,0.173739385210888,0.15221154462605,0.208657945644966,0.800692954867381,0.522367096764964,1.27187698754965,1.21243477766951,0.935261156753318,1.45971323260187,4.55083649023676,4.49484828436318,4.64166320047606,1.01169078202928,0.72175,1004.18401518571,0.256,"metaG"
22,58445,1422,10,0.143458970055991,0.133095315195255,0.160526616004486,0.405182626662095,0.256732002501457,0.652130658738454,1.02354534468668,0.759670028788468,1.26976481695923,4.8282181246995,4.73734354574663,5.02063417858841,1.01746751654575,0.1125,1380.74077039852,0.1125,"metaG"
23,40891,1282,10,0.145300718802838,0.132648276763711,0.163158550608208,0.488889908161262,0.324462226897155,0.75168941234899,0.715365846046231,0.18325506385622,1.05235622819383,4.66017959616058,4.58654004703328,4.80223386272634,1.01730426679069,0.15,1231.31106459396,0.27375,"metaG"
25,86132,1524,10,0.100342999876709,0.0950011829876338,0.108389242840823,0.150231171826775,0.056336796927083,0.297612460515535,0.726918613512088,0.293742963592139,1.03889672385998,5.04507756222161,4.88117843973402,5.46875088154327,1.00988566914073,0.7045,1478.11558635918,0.41775,"metaG"
26,56372,1357,10,0.129004387739152,0.119899910799263,0.1420700598075,0.323674638890372,0.188558349545841,0.527306669453102,0.787599071467317,0.353565660882231,1.0912507284898,4.81369738084128,4.71012329082729,5.05923901222919,1.00836042189715,0.88925,1310.66466625662,0.39475,"metaG"
30,44958,1210,10,0.168549928423242,0.14892592623155,0.197221485553266,0.753101287382242,0.499241456927029,1.14320965628096,1.26878399723309,1.03532060485702,1.48165385384916,4.65249795815289,4.59768394456847,4.74387178706423,1.02119719361861,0.0495,1170.97054669754,0.41225,"metaG"
36,226245,2004,10,0.348754758621729,0.332489302299983,0.352316951245682,-0.0646170424006351,-0.0920632543317616,-0.026891297871549,-1.60318682440901,-1.7551954895173,-1.03308089503239,5.48739319732774,5.19903294583409,6.2608296975844,1.02817076339832,0.01825,1991.51281785917,0.01675,"metaG"
38,37271,679,10,5.05050497408699,0.147271700524451,5.05050505050505,0.54171215732245,0.330096215938094,1.03706395944292,0.416872553976536,0.306324995701599,1.46672820144603,4.45024585428998,4.36280185774211,4.61875781966448,1.01684303312468,0.67775,657.060365123073,0.95375,"metaG"
39,56502,1560,10,0.124404591190911,0.116351033653839,0.136907370893617,0.37301755012007,0.252684148067109,0.567724595972659,0.608892391725407,0.0442072269225201,0.94982641416386,4.80554824106735,4.71780297587488,4.99978279760663,1.01761772860798,0.0945,1501.25571182049,0.2545,"metaG"
41,44548,864,10,0.312743217279249,0.284142710645101,0.334627814400259,0.0827104864790971,0.020926895475901,0.162588929969017,-1.64381662892511,-2.57957601548599,-0.968964393577581,4.77768215135884,4.58149169595138,5.29367024226261,1.02462204580596,0.19675,844.18885947429,0.16225,"metaG"
46,27632,1127,10,0.136082280707358,0.136082280707358,0.136082280707358,0.686460297366642,0.686460297366642,0.686460297366642,-4.74029703325973,-4.74029703325973,-4.74029703325973,Inf,4.38167226312034,4.51993195610665,1.01833155163266,0.33125,1054.81378823469,0.53225,"metaG"
51,18407,624,10,0.173066801901709,0.15246459535083,0.211066877492689,0.616854133863552,0.394614674073427,1.10736630509277,0.611243009106645,-0.423387338903439,1.11538142488597,4.264818082712,4.18987965608678,4.39304187275143,1.01477026360103,0.7075,595.183346811554,0.44225,"metaG"
52,46044,1343,10,2.81218962041925,0.497197312835679,5.04699632653443,0.566134160036007,0.389653131375742,0.81481567714639,0.251669080582992,-0.0797419416563396,0.843822285372322,4.63897093681812,4.5765426095111,4.764267130272,1.0165523979697,0.19375,1282.82266003894,0.82725,"metaG"
64,101832,3506,10,0.826825438241226,0.789591775681643,0.940798333177493,0.533744905927706,0.483245663172626,0.632810483835964,-0.295295051287412,-0.673237432082815,0.207879264595404,5.00497525053857,4.95927923463046,5.09528566794709,1.00866692300443,0.37175,3316.48809207017,0.566,"metaG"
65,144237,3827,10,0.165343486867772,0.158121134131788,0.170206933098006,0.195725883908811,0.169304991292214,0.235615862368626,-0.664899501603674,-1.65105704014412,-0.263448306953693,5.30989186216405,5.19460153804759,5.63285859798741,1.0216058419955,0.007,3676.30742126629,0.42925,"metaG"
66,267236,3651,10,0.137089273775111,0.137088279454066,0.137089315334973,-0.0536386865141251,-0.0536401736508177,-0.0536309930393721,-2.5428117484654,-2.54296984183508,-2.5427382947067,5.76055430675521,5.48652816641334,6.55883692259145,1.0218541104778,0.02225,3581.06737615509,0.10675,"metaG"
67,129670,3486,10,0.41015747062511,0.396675403523939,0.410659774428613,0.414149252208099,0.381630526603337,0.440537927156902,-1.83467104920467,-1.88095053144179,-1.69403673520449,5.06078953768818,4.99964775293257,5.19254354904878,1.07954872235704,0.00025,3539.28706559828,0.00025,"metaG"
68,39144,977,10,0.132121844359005,0.120487158830761,0.14925090984012,0.329885760803553,0.167109180772757,0.589394285167914,0.795250034242231,0.195340565279515,1.1580732405397,4.66325019079586,4.55119190630884,4.92202453635503,1.01594673122151,0.3745,944.96674066783,0.2325,"metaG"
70,43166,1355,10,3.35765040480338,0.316357297565137,5.05050505050505,0.623974129267006,0.439673408835595,0.899916659341604,0.390828772545,0.199208232661875,1.06941892187495,4.6549102517355,4.59620055219881,4.75770799064925,1.01449875982779,0.3415,1301.20326522356,0.699,"metaG"
72,24623,787,10,0.161012401258416,0.141779809341785,0.194817858646568,0.665979942995415,0.406758105332442,1.13465662953675,0.970241108219014,0.547482808348155,1.30955831118111,4.41375120504556,4.34350706211443,4.54782170754285,1.01885364067399,0.27125,757.958581279178,0.17075,"metaG"
76,45163,928,10,0.11696106954246,0.108248904513738,0.131754110469885,0.255884995514983,0.11270062192599,0.510530175597883,1.01650678750588,0.679249325955222,1.31458288159383,4.76343842879853,4.6198227187616,5.14212060422141,1.01483795652852,0.513,903.284624517357,0.2165,"metaG"
78,19844,591,10,0.0949817399471667,0.08258314112931,0.120489229617895,0.639748341558549,0.351669901351166,1.23584020678664,1.15267026021902,0.749328445744464,1.51301516389234,4.34192848186956,4.26047685832742,4.48937330173248,1.03187088606834,0.036,574.70086466638,0.05075,"metaG"
80,441973,16343,10,2.18826230739149,1.9778197736185,2.39924311427623,0.790867475113395,0.727061096233348,0.865956124301088,0.209897237157333,0.100344172174298,0.308975836978718,5.61392717586132,5.59782759265204,5.63779772915364,1.01762394208459,0.00025,15398.5762737419,0.99275,"metaG"
81,118875,4589,10,1.17106253802007,1.12704765361497,1.17892946366222,1.03576590385696,0.984579467836114,1.07956768669258,-1.54243944145966,-1.58937715807896,-1.40454879276038,4.94494233158799,4.92854882703455,4.96770238538161,1.06859218678278,0.00025,4497.57163396222,0.00025,"metaG"
82,425001,5341,10,0.0957868883778378,0.0942801146495633,0.0966240294750313,-0.0583128230822844,-0.0718752635963397,-0.0369255910053002,0.729896883720968,0.610365328132136,0.843799770386245,6.06052544090739,5.77998391680099,6.8758932320606,1.01859196312926,0.0065,5216.33551057688,0.3695,"metaG"
84,2130353,47402,10,0.438616075489518,0.438340606118914,0.438616108858559,0.297790864287694,0.297415361312808,0.297794818046976,-1.93301111939229,-1.9330642342795,-1.93206386452345,6.29811941133526,6.25375357888966,6.41877121527738,1.01348637142924,0.00025,45409.7784765823,0.0695,"metaG"
85,2069738,36493,10,0.315601787243347,0.314158156893565,0.315603393713272,0.226450795989443,0.222368625000757,0.229965204195994,-1.29936240020084,-1.30280730422007,-1.28298571569819,6.26646387187537,6.19910785947423,6.45196760357874,1.01702375842261,0.00025,35378.1777811691,0.00025,"metaG"
92,315020,11244,10,0.462840974936269,0.459915961342378,0.46284170150801,0.619955984477984,0.611921761621887,0.624160042495832,-2.02202282434681,-2.02542776594564,-2.01431484669534,5.45913440690964,5.43478093007674,5.50696833648503,1.0165509824776,0.001,10636.9017612081,0.12175,"metaG"
98,25792,490,10,0.101407542410405,0.0923986161292235,0.117679010107181,0.121197203624842,-0.0382283534929395,0.430284097278429,0.951917319655597,0.230987536000896,1.37164438105782,4.60948644684489,4.39639072587536,5.15539449966735,1.03735234762941,0.0265,479.929039828497,0.091,"metaG"
100,519765,7533,10,0.437558297353074,0.432052652172871,0.43755982906289,0.0694024793626145,0.0600602203881516,0.0766418317194128,-2.29069706530187,-2.29607746555608,-2.2675670563351,5.80996500672247,5.64654300532681,6.28325455570244,1.04416762433407,0.00025,7512.39764464673,0.00025,"metaG"
102,640313,4714,10,0.115175518211216,0.113563766356388,0.116820247381515,-0.107990876924191,-0.119254488387761,-0.0771789411701291,1.17078959932935,1.09579123768772,1.25551460566488,6.28487836949473,5.92985985575045,7.18728546887974,1.03722556290053,0.00025,4655.85647458554,0.0985,"metaG"
109,109153,3246,10,0.160645045155564,0.160606861193021,0.160645101667679,0.463265273116527,0.463038984500364,0.463278133906423,-2.40229476342765,-2.40268186903068,-2.40109785347098,4.99699271168334,4.94411089332215,5.10626765486023,1.02814225574406,0.00325,3138.31409040449,0.01425,"metaG"
110,273924,3946,10,0.239561680483138,0.229632769232438,0.251577809873819,0.213576390281707,0.141341591374132,0.317405628534692,1.1447376276995,1.03242822207935,1.26734052996015,5.5103436592557,5.39666352329597,5.79689087794356,1.02518308699176,0.00025,3869.11533625762,0.03725,"metaG"
111,159886,2820,10,0.043101250544009,0.042909652781048,0.0447190988774504,0.251942665431792,0.245579808922193,0.333189839554811,1.28680875013754,1.20694486105538,1.38432954824989,5.34149211512598,5.22544097189901,5.62830256065847,1.02511330634002,0.00175,2772.23132603378,0.03125,"metaG"
122,1377896,11189,10,0.554875388025798,0.552572923708108,0.554875536429806,0.0392704631608156,0.0358633986050593,0.0399665181327937,-2.58616923756199,-2.58680052547765,-2.58301474284835,6.06151234596673,5.87936662557325,6.64394919552264,1.05112305985702,0.00025,11289.8673473974,0.00025,"metaG"
123,672080,13332,10,0.325712419043967,0.31830331556664,0.328305902550787,0.414882374379085,0.394558427478562,0.43428875316543,-0.775238670774438,-1.72643989319072,-0.540304819015965,5.64978794202479,5.60807859210485,5.74452213032363,1.02512528753372,0.00025,12985.724371278,0.00025,"metaG"
124,569283,4588,10,0.182755566972428,0.177807085469727,0.18765232804456,-0.0174505797119806,-0.0499909862531375,0.036120914439495,0.871524936203601,0.752985452441674,1.00113362009337,5.92460546810375,5.67095473624926,6.68056674391109,1.02610217384513,0.00025,4490.05720520329,0.216,"metaG"
125,802939,6502,10,0.146111779203376,0.143771220408379,0.147895400899914,-0.0601199787398512,-0.0731334316549533,-0.0316984384983584,0.837889889284361,0.752570966867554,0.93290331313168,6.18872587237702,5.91020313771595,6.95079902470636,1.02343194822553,5e-04,6377.34335147154,0.15575,"metaG"
128,97705,1942,10,0.12910187115945,0.122771537668621,0.138231428811538,0.158981228456392,0.0928060351210371,0.277171162383454,0.358461983260635,-0.366494081989522,0.753893820240509,5.08725978949545,4.9441786826644,5.45771217661891,1.01542915717121,0.151,1874.49860763696,0.47425,"metaG"
131,80186,736,10,0.319886125369527,0.292272365957816,0.335196944808612,-0.114319381851148,-0.166654351405168,-0.0417405751935043,-1.21130072589335,-2.12431329749034,-0.228417369661698,5.12868699379949,4.7513324249731,6.06458936765968,1.03368732341916,0.0695,723.050948043506,0.1995,"metaG"
132,50275,1267,10,0.17537122231067,0.157759276193411,0.202237731915403,0.633671104319178,0.415684555075893,0.979276835776924,1.1980095654512,0.95308723513712,1.41775722690157,4.70071147378239,4.63611587865635,4.82028733889957,1.00973034556684,0.8275,1226.65810822435,0.40275,"metaG"
135,32849,994,10,0.161370840917731,0.145965751349068,0.186355592993997,0.54522302034903,0.347883394017703,0.880347124897905,0.803879903459274,0.28263350108853,1.1456481897199,4.53537761756791,4.4610916540333,4.68473094025905,1.01861267273372,0.18725,954.625923003261,0.329,"metaG"
136,77672,1528,10,0.135992211892972,0.12709438298158,0.147729609263677,0.223649926623252,0.109128995457193,0.389664801673633,0.727844404467523,0.270147068189192,1.0247691362021,4.95509496306579,4.82403108560382,5.28896428807724,1.00954766249626,0.73,1477.88643020065,0.5175,"metaG"
137,67707,1604,10,0.121924144445472,0.11364321982142,0.133602115157152,0.357289554597281,0.224364549460327,0.556390750075293,0.919769047072298,0.621776769481077,1.17166130985589,4.88818407984254,4.79559294049446,5.09451346984412,1.0232347347612,0.011,1552.82562419362,0.2615,"metaG"
138,27915,917,10,5.05050505050505,0.18313823873359,5.05050505050505,0.803149779883301,0.566677604041468,1.29232314027739,0.341045439889918,0.210583948487059,1.28651336788178,4.43144702450311,4.3784882938344,4.51343635600694,1.01930554920039,0.36775,878.436873024794,0.86375,"metaG"
142,21203,749,10,0.213593929635158,0.171573968573437,0.281646146996224,1.12739518282544,0.709561188440377,1.94033404508328,1.26344689101717,0.943865163587307,1.55975841752782,4.33410877152811,4.28936483617132,4.39919287585091,1.02645514281354,0.04925,720.274787158779,0.37175,"metaG"
143,22636,749,10,0.207524350357931,0.172337153489626,0.264813877391791,1.02409676079616,0.643644852317893,1.7399782074677,1.20641927487441,0.872728487250038,1.50108977191624,4.34061285469431,4.29143378981523,4.41196044213647,1.01390049633072,0.6985,719.286459297788,0.48225,"metaG"
144,49483,1498,10,0.171097127632874,0.154450498391137,0.194644032705087,0.669635214598682,0.45985033838426,0.977646210700134,1.09440717781226,0.843808929010181,1.31358038416324,4.72524197575083,4.66947936079138,4.82447401818451,1.01125125534915,0.534,1447.34356393958,0.143,"metaG"
145,218129,2700,10,0.196858413869175,0.189681650574241,0.197724371090481,0.0509293926102683,0.0266906470595057,0.0802330187984291,-1.62198723057325,-1.72265638381138,-1.30128931237285,5.3742404175552,5.17616262220593,5.91641928149298,1.05817650629129,0.00025,2698.30106940033,0.001,"metaG"
146,57817,1495,10,0.15021400112525,0.138339496020152,0.168363431870877,0.494846566107902,0.32954691254177,0.752729666726044,1.09666381087155,0.859598722454714,1.32108182063639,4.81269799607205,4.73747412598577,4.96351240868478,1.00821289707733,0.88575,1448.29989876107,0.31375,"metaG"
147,32451,1041,10,0.161626656000536,0.144097272003671,0.188474775610841,0.636782208049377,0.404559257413319,1.00787826383819,0.974555839925354,0.612985552219716,1.26674022460013,4.54937119087848,4.48231428362124,4.66931432110966,1.01668973285103,0.2635,1004.40991787228,0.09275,"metaG"
148,47179,1357,10,0.0864457087964,0.0777881765547546,0.101763294277483,0.803298916921875,0.565408454924184,1.21286246469608,1.33470556255142,1.13993722600565,1.55644309651335,4.69716179720012,4.6467190359971,4.78062851689586,1.01896915839871,0.0855,1317.72780813996,0.1135,"metaG"
149,78460,2775,10,0.190146747548039,0.190146747173845,0.190146747548041,0.460555460607753,0.460007905520367,0.460555460607753,-5.1164885325931,-5.11648853259312,-5.116488532518,Inf,4.87288943631392,5.06097625288687,1.03581485974425,0.00025,2694.08706492957,0.01075,"metaG"
150,41421,1306,10,0.201785852150009,0.175734117255087,0.241244904755553,1.01284376901286,0.712628523331789,1.50516567042951,1.31606279420697,1.09758690110903,1.52746343475017,4.62129372366143,4.57974645105466,4.67802826925663,1.01576070051216,0.21475,1262.14741861163,0.2325,"metaG"
151,21194,774,10,4.06316665736942,0.192196089162399,5.05050505050505,0.899808230828572,0.6179465049861,1.46853043971385,0.40785625993864,0.198632292157683,1.28426412788556,4.32169999555878,4.27269889780559,4.4006692028465,1.01648541010516,0.46275,738.455255813228,0.76275,"metaG"
152,100535,2580,10,0.429950467547665,0.42052238089061,0.430030064833533,0.202523223359349,0.181884590205681,0.223359498676383,-2.53342198991436,-2.54982175526328,-2.47342373687945,5.11985616297114,4.99775160165663,5.44108429223934,1.05466243094818,0.00025,2547.36492299287,0.00275,"metaG"
155,3054804,51744,10,2.26198080664796,2.19404269116081,2.29806356101801,0.601033305543696,0.570654789330194,0.629125578547136,0.843564345009197,0.828974008325483,0.864085954686448,6.37005248414845,6.35226248366039,6.40120855115886,1.01573749410974,0.00025,50332.1927536089,0.91725,"metaG"
158,285061,10917,10,0.333959602280569,0.325552123981069,0.340173570202558,0.947347865081728,0.910069822103264,0.989543101023718,-0.318208446713399,-0.863089896778456,-0.169587632467026,5.34924568666607,5.33594037145031,5.36885374787643,1.02568972485355,0.00025,10301.6271776569,0.00025,"metaG"
168,58041,1419,10,0.130329465313362,0.121064686850307,0.144329505128823,0.338991125268745,0.203468575600363,0.557560325051428,0.890514831840366,0.546187777254767,1.16088768471565,4.84598290970111,4.74181375695379,5.07286504925437,1.02947326139212,0.00375,1378.18868943845,0.06,"metaG"
173,8989897,123737,10,0.215073880986751,0.2143836806063,0.21534605814852,0.476574889906925,0.472574915935627,0.482545534016742,1.64627720908069,1.63834388385685,1.65443964513154,6.99306875432201,6.97079926345384,7.04151406950358,1.03411821013737,0.00025,122887.788480688,0.00025,"metaG"
175,4974303,43715,10,1.42409725869271,1.24858679491987,1.5800107486422,0.719618482977742,0.680432905504807,0.765543965556068,1.35140896403067,1.3079687653306,1.4109748006806,6.43756306021674,6.42133386882497,6.46673045353835,1.01214818066641,0.00025,42880.4167993661,0.995,"metaG"
178,36227,926,10,0.166656033858431,0.150618456537594,0.192886302805254,0.471898241837233,0.283445707800665,0.799263258030865,0.872541417723112,0.41390527561345,1.20978613017507,4.5592117606675,4.4705413181889,4.73212499613906,1.00974011666786,0.91,891.11205730125,0.58175,"metaG"
180,195568,6316,10,0.463276506783247,0.462971793404778,0.463277174868445,0.786640789869195,0.785580462402401,0.786665683668965,-3.08281829303502,-3.08320525922118,-3.08149350434729,5.14694071899263,5.12560803841242,5.18402677835158,1.03997412096091,0.00025,6088.80258527228,0.00025,"metaG"
191,926572,29315,10,0.209761813850782,0.207726404109491,0.210063581056705,0.708525632880119,0.69618489022594,0.718680076723125,-0.812423751746153,-0.939921947709144,-0.703721780013945,5.84296273988982,5.82880290340968,5.86610038962161,1.02740382797468,0.00025,28191.8880918091,0.00025,"metaG"
193,1586986,29860,10,1.64976205063488,1.58308932485768,1.70049322270499,0.454563977259715,0.419895303835339,0.491052758651061,0.513666503904735,0.469036956947496,0.56304613961296,6.084764283388,6.05281301018369,6.15844957969023,1.01301063002433,0.00025,28749.3116558657,0.722,"metaG"
194,2998569,81956,10,1.49870776395949,1.46743730224496,1.52407572768974,0.801165153399686,0.769587075282423,0.834639463676533,0.773303133891949,0.752038172522594,0.79607916302351,6.40566076864006,6.39696828723676,6.41885355488671,1.01272209830345,0.00025,78600.5513867993,0.988,"metaG"
196,1981706,45518,10,0.463904865515227,0.455322362331735,0.470887457609383,0.592992025354946,0.562489100449746,0.627425038509834,0.693655536147801,0.644284364411891,0.742467896754973,6.17269608974179,6.15496121324272,6.20772745578314,1.01355213828637,0.00025,43549.2210262584,0.613,"metaG"
201,4474324,49991,10,0.203348143850519,0.195807207809244,0.212306984320687,2.37658291258386,2.23941735122963,2.53366906075865,2.56824284878913,2.54606175614842,2.59087973561006,6.62993444295776,6.62325321710866,6.63657008606431,1.03944402700249,0.00025,50034.1905383606,0.00025,"metaG"
205,30008432,238155,10,0.216695301574449,0.216260112069286,0.216730685316083,0.286562465451109,0.284581799260943,0.288219780529354,1.59039368908771,1.58474714712588,1.59620942030434,7.43047870445437,7.38820108845479,7.56094747958264,1.01127828255233,0.00025,234206.284599254,0.42325,"metaG"
206,617745,13893,10,0.212225215423324,0.212218102683274,0.212225233985876,0.284668815898604,0.284655590731525,0.284672365544794,-2.16380388354599,-2.16391558925274,-2.16361048828078,5.77754797406392,5.71120081609436,5.95659579896403,1.03195326392702,0.00025,13672.4244462088,0.00025,"metaG"
208,80414,2203,10,0.516702156725968,0.516657232882441,0.516702436382374,0.349622619583664,0.349547518294607,0.349626924641074,-3.44246718097199,-3.44262113767501,-3.44223476622185,4.90740365066589,4.82691648544735,5.10973593993109,1.07902903383731,0.00025,2213.46193307154,0.00025,"metaG"
209,1228740,22125,10,0.387273045959454,0.38561293623645,0.387273874078205,0.292218193078636,0.287710450487143,0.29545743752943,-1.78180223973791,-1.78435308024519,-1.77039255057295,5.97281103959875,5.91566356374514,6.11899583414396,1.04089253217508,0.00025,22015.3303640879,0.00025,"metaG"
210,454603,7513,10,0.465956257911832,0.459987167107498,0.46595962211508,0.154021289552438,0.143900159485616,0.163409641160983,-2.20560529191388,-2.21431360378483,-2.18328271546923,5.66383821448738,5.54554031657819,5.99527096698275,1.068819599245,0.00025,7648.37470256672,0.00025,"metaG"
7,62372,441,10,0.215660449899372,0.0764160222275798,0.821395285939454,0.237425919821748,-0.00380341382326981,0.808797712449523,1.92665713594543,1.55887199954304,2.32551924927381,4.88952196956699,4.69102553707949,5.31954268574064,1.02604207861065,0.35225,436.740358157727,0.463,"metaT"
11,19819,167,10,0.0779701334861994,0.0533304797947771,0.129549006900092,0.301895185939006,-0.0594224751211842,1.87863489340755,1.99819448740924,1.55228092103808,2.60093759758144,4.36475081940473,4.13459063827867,4.79032821629944,1.03207879550947,0.74675,166.398606544144,0.24975,"metaT"
18,48753,368,10,0.385703396698762,0.0780916858531052,1.85415214749765,0.417045076084684,0.0818844713596518,1.55417643823781,1.98682023531148,1.25685692348965,2.61189686105612,4.75048027030078,4.58994653068633,5.07224198225625,1.02075947477664,0.72125,364.698662834824,0.55325,"metaT"
22,38620,608,10,0.0530631833671571,0.0439446730103833,0.0761391952133575,0.994922805950009,0.56036914338792,2.13956838832558,2.00053781660552,1.77014553216809,2.31885910148724,4.58177958077807,4.50681609770892,4.68888812539254,1.02589919815934,0.21875,598.130119923669,0.46325,"metaT"
23,100433,618,10,0.396431197725309,0.120310195125173,1.62297752151146,0.0971192834575789,-0.0693721583300314,0.428897579693064,1.69488493812072,1.19763404812561,2.1058706613782,5.14475952031094,4.90272896510782,5.78695377963973,1.02303314022723,0.245,611.469194132971,0.55375,"metaT"
25,99952,792,10,0.12949056127086,0.109692694572758,0.157728789930252,0.442833074829723,0.21393021513959,0.939888926077188,2.09882701750232,1.92567536656701,2.33026360195802,5.04800885067052,4.92074131200583,5.31628698155063,1.02800478260704,0.0705,787.294911577485,0.1915,"metaT"
26,18044,587,10,0.163011589593025,0.138715756562474,0.207257678638935,0.768742385158286,0.43697775241633,1.4239754083912,1.07231628624771,0.613861848365382,1.43942278770731,4.27011344147128,4.20181891242951,4.38721447092303,1.01345736658094,0.854,563.899519577503,0.4875,"metaT"
30,59019,535,10,0.0423310338251574,0.0397512656990718,0.0520358285871844,0.195303691852692,0.0677624814047071,0.651421833570994,1.86063828388549,1.69126938779132,2.18154831395333,4.91641354921528,4.70978389660359,5.35699948414398,1.03011834082337,0.1475,533.914733425338,0.0625,"metaT"
36,53138,580,10,0.083826224686892,0.0766601755414968,0.0974145913546277,0.138991950334036,-0.0236923313403041,0.450135017992357,1.42571523082343,1.14356907960158,1.72364487500774,4.81894308158918,4.61511035504471,5.33047045009086,1.02024382724646,0.50225,574.337773485473,0.03625,"metaT"
38,57538,432,10,0.205258934473516,0.0647490541733503,0.570189130756526,1.56571762528181,0.718572329419688,6.54288265532861,2.63871905305802,2.18278281204163,3.30895430235729,4.76110187169891,4.67814378644024,4.86056318171006,1.01916247715028,0.75825,429.02516244951,0.52525,"metaT"
39,116885,640,10,0.779294589809547,0.337503138388032,1.71200955669636,0.379698617465402,0.138900932948185,0.945490022408766,1.91658732595328,1.48407302710073,2.39437370906607,5.11198504635331,4.96875930705068,5.40808101937608,1.01794939357327,0.50525,635.440826228525,0.7285,"metaT"
41,115205,325,10,0.265260008458621,0.0979566270629749,0.978485219005779,0.0122505690741337,-0.184861845614657,0.509116374056992,2.04711887703006,1.55711048011062,2.54253980855143,5.16094842181325,4.83004625229503,5.96979964804855,1.03027174826649,0.36075,322.665536781904,0.597,"metaT"
46,37556,423,10,2.49607037346133,0.0989591572306869,5.05050505050505,0.497386516819604,0.236455695449433,1.27891520012173,0.800713418157948,0.414562546404401,1.75783202385802,4.32968740132553,4.21542340288217,4.55123371132424,1.0327205026315,0.07975,416.677179414045,0.0175,"metaT"
51,16255,343,10,1.54617891204621,0.0777621987801102,5.05050505050505,0.634012601565938,0.312611649705077,1.91560541198152,1.1037282300213,0.510696562452247,2.01107077116844,4.23479556323399,4.12800728901627,4.42910236328784,1.02545529964603,0.419,335.196277016044,0.6755,"metaT"
52,35076,399,10,0.193974018919762,0.055181291024267,1.37849726433951,0.721139443901224,0.289967917972884,1.94030267609065,1.94722189777628,1.38758323772888,2.39232823357964,4.51393728262644,4.40848969667014,4.70151919932492,1.03165229865308,0.16575,394.911092344103,0.22875,"metaT"
64,186561,1900,10,1.08745446639219,0.547326914167917,2.14954652783712,0.552703293706935,0.371413227734841,0.858484584947738,1.59613702655813,1.26325612268519,1.92119525777759,5.28547933495119,5.20956594700579,5.4372510419791,1.00807337656596,0.82625,1879.01107552929,0.47975,"metaT"
65,196912,1094,10,0.0446709950100051,0.0437454508442848,0.0512352562039154,0.308122105148398,0.273288191352096,0.630887784188661,2.2930300800985,2.19724980444979,2.48048418747458,5.39405362960016,5.24122168860299,5.72825453101449,1.03423773958556,0.009,1104.43962517657,0.00525,"metaT"
66,1131535,1774,10,0.129702921515049,0.111646248118762,0.15736054065725,1.28133510937331,0.94251070439346,1.92121213633031,3.46713047658641,3.3743349579331,3.5907321968744,6.06770809546445,6.00733466032974,6.14581605327415,1.04167590976708,0.00025,1788.49223909434,0.036,"metaT"
67,165138,827,10,0.600868632605826,0.553832888914608,0.640181500985658,-0.0284720300932412,-0.0878816980744532,0.0437269096995622,-1.28548074829642,-2.05808744122739,-0.61548010725506,4.97477441176623,4.68150556733849,5.7360983654238,1.02772352270081,0.124,819.793928798367,0.03825,"metaT"
68,106815,484,10,0.109028198186198,0.0699593841149693,0.168177508674697,0.996825933949129,0.460426288401001,2.56595615118257,2.81281083935093,2.55877580851986,3.17490382420687,5.04996426652107,4.94507300984486,5.19820248895923,1.01958214780651,0.72575,481.389404285372,0.53725,"metaT"
70,82456,669,10,0.812407885732202,0.290464614167847,2.23483561184657,0.575302927670316,0.272745359791603,1.3185233629528,1.83142118868734,1.29366201234683,2.33256247884656,4.92720061285107,4.81912687490172,5.12348060851501,1.01682430344527,0.5365,662.744268250902,0.709,"metaT"
72,144734,488,10,0.118823576356885,0.105337683430925,0.142580353815523,0.0921730270717276,-0.088914181094754,0.490602613742321,2.17778992217486,1.95540005112813,2.44799716616887,5.23816242811016,4.97380717700255,5.81032311951506,1.0206779457424,0.64925,485.354792387732,0.39025,"metaT"
76,68797,519,10,0.792346024208295,0.285674545760741,2.09837828895922,0.623797061419588,0.265335811009019,1.63508803928273,1.9325539026906,1.3979598417081,2.48622349287055,4.85421713946801,4.74589339562854,5.04795304338777,1.01502858519688,0.86125,514.710425392196,0.719,"metaT"
78,77631,374,10,0.100944731672483,0.0898299994723412,0.124391753999678,0.0854905185656309,-0.0966676030724476,0.555388572116243,1.86793728944928,1.59462471848043,2.20947271762445,4.92520119315725,4.64630445450299,5.60832413245203,1.02735453086826,0.43025,371.05327925422,0.31025,"metaT"
80,1903758,8077,10,0.0241660772806799,0.02415994770057,0.0241701569761904,1.97814324682399,1.97749398043754,1.97859919859312,3.21585731133132,3.19052185733772,3.24181876316939,6.27885862794514,6.25519478356123,6.30300132127203,1.02174162924062,0.00025,8079.36274257527,0.05625,"metaT"
81,237523,1005,10,0.881318003322294,0.820428345358457,0.90204422086373,-0.287398313636583,-0.328486290836553,-0.232958186549923,-0.0106122413153438,-0.360077178918703,0.320158319834819,6.02627308519258,5.38594137148934,7.47579550240464,1.02167300900983,0.21075,985.525403524497,0.4675,"metaT"
82,403572,1462,10,0.0869617366139426,0.0852242132990055,0.0936494110600049,-0.0515740424687404,-0.0834430220650334,0.0850266427594858,1.90832730336646,1.81594962715136,2.06171364615283,5.86856243555626,5.54581596959693,6.69101878763361,1.01562301574407,0.31625,1454.17719052001,0.15175,"metaT"
84,17062109,41643,10,0.422380509868139,0.411606870006771,0.432670267257862,1.79730554269818,1.72855458333935,1.88190167713065,3.13952165180214,3.12960770031925,3.15235402010968,7.22941396234619,7.22036655302616,7.23885716719337,1.01065671717666,0.00025,41481.3649145464,0.96275,"metaT"
85,21002605,31165,10,0.46812624321638,0.456576720860956,0.4795654150134,1.73831379941788,1.67085384193971,1.82550898927816,3.32274806410475,3.31204700564675,3.33650921072394,7.31175374926235,7.30140087132139,7.32308083986931,1.01296937633349,0.00025,30998.2847743819,0.99675,"metaT"
92,386463,4780,10,0.179824123416995,0.17156565107756,0.190288364951452,0.382294851078354,0.293935785051448,0.505096076554242,1.61174987797209,1.53803853796395,1.69776066445953,5.62212606232053,5.54323507575307,5.80019067044766,1.01759123493889,0.002,4706.33892895207,0.0895,"metaT"
98,74707,304,10,0.275732393996157,0.0764986512970298,0.810003159182132,0.498340805060699,0.0999753506943376,2.50409967944681,2.42522663350572,1.91519979692161,3.13066926411658,4.88399822272276,4.71411255563919,5.18213292402007,1.02481659102921,0.6495,302.471174457652,0.472,"metaT"
100,350943,3782,10,0.778298945523938,0.48503162304086,1.18074804525723,0.669762131858263,0.518580797357955,0.904393200729036,1.75896424979924,1.56264580516833,1.972506858942,5.56423465865882,5.5143600818816,5.65155214594554,1.0097271659571,0.1505,3737.54050711326,0.814,"metaT"
102,571262,1649,10,0.0667694317429089,0.0661878257380718,0.0700525980270014,-0.0468084993043985,-0.0549097633110166,0.0532459001502453,2.16676717155407,2.08222868621221,2.28030650989721,6.077129509296,5.75656119859953,6.89389145559849,1.02058067959822,0.09125,1654.64238451459,0.04325,"metaT"
109,114991,1115,10,0.135552670073609,0.121338089354931,0.157263117775682,0.424972220331501,0.227958577718584,0.761209739068141,1.92300934709077,1.76640261251615,2.10523687001559,5.10732398537706,4.99216896923338,5.36340566776838,1.0141708312666,0.56675,1100.73929974407,0.47575,"metaT"
110,76322,593,10,0.85597949048824,0.218215167200304,4.52635565957077,0.223633388821904,0.0301012254222685,0.711663800929136,1.55888399004872,0.813584559818811,2.12863143187775,4.98180571640497,4.79788494835301,5.41193009898618,1.01853774505037,0.4955,587.130772344241,0.444,"metaT"
111,239323,834,10,5.05050505050505,1.315497113385,5.05050505050505,0.104088417557205,0.00136614787254241,0.261918023547994,0.79297913965709,0.757396664403312,1.45311646915239,5.21567307515692,5.00404089481111,5.73590191665689,1.01213725002371,0.91475,827.170820979427,0.544,"metaT"
122,308129,3076,10,4.06100900561466,3.04931177209814,4.96963836318796,0.108744629047506,0.0442246779607613,0.152341987802879,0.144010945669982,0.0817237918343515,0.215354167625349,5.44990595679861,5.28343477546763,5.90872345643928,1.00890217170705,0.59975,2994.47372217307,0.6085,"metaT"
123,1504612,8147,10,0.730680879777549,0.604694518456352,0.84833194617822,0.427896163761808,0.358137286747791,0.524886244547011,1.90335849958589,1.8304670727192,2.00340030160307,6.16596125770842,6.10210333958247,6.30500738754726,1.00538972467893,0.47325,8087.44021314232,0.32575,"metaT"
124,239557,2463,10,4.37744412938995,0.998741476967534,5.05050505050505,0.202389233751928,0.122429544891749,0.293008023833449,0.489014345748936,0.4536133260061,1.0663119535697,5.34004146983777,5.20304894146053,5.69923925042695,1.00990981108876,0.60325,2410.67661483795,0.81275,"metaT"
125,231905,2928,10,0.34180108326927,0.32306744150437,0.359861172673478,0.186620355545207,0.09939179925362,0.297971856362253,1.18243515037492,1.0541290132861,1.30956205213243,5.44756174255915,5.30705927730695,5.82233418131676,1.01241320554083,0.11275,2864.30793337934,0.50925,"metaT"
128,33951,749,10,0.119284603151304,0.108901572049679,0.138439780980662,0.315980151265339,0.144716417853087,0.640013697173318,1.00800803351456,0.59692289985515,1.34935285791582,4.60992221408674,4.48025780935839,4.9211529442761,1.02405320859516,0.11925,728.409206096724,0.1855,"metaT"
131,102340,415,10,1.52086237859537,0.254241721786183,5.05050505050505,-0.07722852784745,-0.202537019320044,0.221215171242872,1.20311777353632,0.717529529366334,1.97476227154372,5.21838652694519,4.83809658495797,6.17853365693518,1.03105147910364,0.15525,411.095419780267,0.71725,"metaT"
132,87107,620,10,1.81067379895916,0.550019022793948,5.05050505050505,0.193098922771671,0.0353523682485766,0.536859142284654,1.32305803148848,0.816315064031436,1.93178987515366,5.05096515669838,4.86091553313294,5.47577793318941,1.02059738849854,0.319,614.595300239283,0.5365,"metaT"
135,5690,207,10,0.144883303325552,0.136623534232565,0.145329301066583,0.578795497348848,0.50279232879162,0.652842804256324,-2.59094072338772,-2.77082719906253,-2.3323510209776,3.73170440804311,3.62909854803322,3.92447048168719,1.05591807524334,0.15,198.835144856903,0.2895,"metaT"
136,125958,787,10,0.308600660291952,0.119537655605875,0.700821400794407,0.321617327256854,0.10904438337144,0.752102522877319,2.06977904015206,1.76635170642107,2.41211012865498,5.20282533185464,5.05243998162599,5.53034214839563,1.03161310792061,0.01375,781.343052869486,0.353,"metaT"
137,168650,672,10,0.290515985711053,0.132597238094961,0.56876175815701,0.532136388329477,0.224933470761802,1.31241638828461,2.49978732883216,2.17352578962924,2.90151246812552,5.28476117436438,5.16007862208782,5.50675910322678,1.03075737998873,0.03225,669.126346617241,0.38675,"metaT"
138,109629,558,10,0.371777277399403,0.113296585702536,1.33102300370648,0.217335352594811,0.00338355027058516,0.660759515468225,1.89954017482951,1.41687715015098,2.32748171292961,5.06372343559275,4.86786064972739,5.52388911635706,1.01303509979838,0.95375,552.791593932108,0.6215,"metaT"
142,38643,506,10,2.0983632870208,0.174671017619505,5.05050505050505,0.423462555158264,0.212867560754445,1.10946912274504,1.05886913810793,0.598803673087546,1.92418582596578,4.57167752081906,4.4446809298415,4.82966815735641,1.0137570786185,0.9305,497.164308121006,0.76875,"metaT"
143,70518,520,10,1.79336535847912,0.525785322633123,5.05050505050505,0.278038295211669,0.087675897957027,0.739438048536519,1.37383502112734,0.838450957340143,2.0127968775592,4.90897752177038,4.73683734513424,5.27721857159707,1.01990986605789,0.5035,515.396242320153,0.5845,"metaT"
144,22381,579,10,0.0226857921907213,0.0204470956961009,0.0343505014453471,1.06346650344919,0.777589741350844,2.36023016449298,1.68147891125127,1.53495471613664,2.05947550161721,4.37173197686628,4.30762384714757,4.46275202395232,1.03244794316125,0.07425,569.565200669604,0.0955,"metaT"
145,319467,1761,10,1.11360888903811,0.484846285998525,2.32836603532132,0.0454866432289334,-0.0362657694262316,0.178488503961889,1.26099472396577,0.956868101081291,1.6031926427001,5.61960025082169,5.38744681866903,6.2272169504891,1.01186642956911,0.41675,1740.60773110491,0.495,"metaT"
146,90928,666,10,0.0552652596998957,0.0469587112573378,0.0809989405556953,0.845189266408584,0.48796719570543,1.94972664060756,2.50464392792628,2.3127378097267,2.81083836552972,4.99342634999619,4.89518309075312,5.14822145357075,1.02577244798486,0.24075,663.067651791209,0.349,"metaT"
147,77285,602,10,0.634531543209564,0.218683721688303,1.61176177817349,0.539554979557026,0.236979754150172,1.37646880577571,1.96635575837294,1.47817351638067,2.48235584290749,4.95191070827287,4.83489972049822,5.18115788844498,1.0300060206621,0.0265,598.479288549043,0.05575,"metaT"
148,77559,638,10,0.345955159025164,0.103479574293196,1.02139019087805,0.598723967044955,0.264475103437104,1.49898542576326,2.07521013923635,1.59760957861288,2.52494888314917,4.92130028311318,4.81182910771558,5.12847366435732,1.01806826218795,0.52975,632.251513288943,0.47475,"metaT"
149,86781,971,10,0.113281743592326,0.0975719464847064,0.139400373613392,0.668381741023477,0.381644101989701,1.19909123441288,2.03254880205175,1.84942706366764,2.24420878982074,4.95376407616198,4.86442993547422,5.09948882552754,1.01847614924718,0.29475,961.152449371013,0.239,"metaT"
150,94685,727,10,0.0907074549669694,0.0756161316718738,0.122119523461648,0.730134133283808,0.380228342264935,1.56221899050017,2.38157326637956,2.18543943420821,2.6363995009603,5.01486134851214,4.91329848397424,5.17857012870934,1.01510351967005,0.77825,722.194285584216,0.37475,"metaT"
151,120491,516,10,0.104504327685827,0.0716151249054199,0.148992191960062,0.743286494680039,0.344776726105148,1.92336671596384,2.71297841116075,2.49394301950953,3.05343510745776,5.10294598624401,4.98030999772253,5.30139269627426,1.02860443166849,0.237,512.92292174179,0.5555,"metaT"
152,641295,1734,10,0.322959198092376,0.250871448352821,0.392860282645694,2.61600438636092,1.8207095675915,5.50029110756524,3.32786514176455,3.13682580228383,3.69013561461925,5.80526087854329,5.76625849253699,5.84456967868123,1.01336558785897,0.30625,1728.3293600196,0.6495,"metaT"
155,23392159,45131,10,0.387215614688759,0.380880101734068,0.393906142243557,0.869570272737269,0.836276073104503,0.910553261297786,2.97515253446143,2.96524140170926,2.98669979639575,7.39065108750473,7.37321438102552,7.41556127426315,1.00406567056146,0.06025,45043.9329560781,0.24075,"metaT"
158,1453878,8855,10,3.57310182183785,2.85924990396948,4.42275931188835,0.303708746883462,0.257002198495903,0.350387753799542,1.15931131662602,1.05160350297926,1.28011514198393,6.18282955403972,6.10336996110277,6.39412187736848,1.01242061374282,0.04975,8791.15597033087,0.5085,"metaT"
168,53448,307,10,2.7514077336864,0.254499260853091,4.92138250055986,-0.200561507301514,-0.309911398969905,-0.00729630854817158,0.336969492487916,0.0489214906095952,1.26730109819109,5.07289056618666,4.5621595807877,6.24748735217415,1.03061895359543,0.4825,302.633732792373,0.50875,"metaT"
173,12341383,84532,10,0.553072929631504,0.546608966728354,0.559258545677395,0.543527373244666,0.523168244211588,0.568409547096256,2.02363558946697,2.01506048558117,2.03385763166718,7.12832783938849,7.10654718458442,7.16934007713479,1.00709041195119,0.00025,83875.2447589853,0.27925,"metaT"
175,117949833,40702,10,0.673381156704154,0.66463897902521,0.681890429512146,1.12926319069703,1.10096055456601,1.16158157936051,3.68203161345299,3.6747252789597,3.68979329375237,8.07889589022718,8.06643812634107,8.09360357261963,1.01135352750634,0.00025,40563.4238074711,0.98225,"metaT"
178,235923,537,10,0.317121560755317,0.172902862016969,0.356866753600053,-0.132633926474212,-0.249367782277816,0.091253931692351,1.92674053121388,1.72893673243788,2.2273602959685,5.69260452097166,5.24653698452474,6.72418103865419,1.03100142795069,0.115,533.327809338338,0.5815,"metaT"
180,864401,3172,10,2.18908418488218,2.08835274824936,2.26224327769374,-0.212362971564086,-0.24216116025359,-0.185813866698644,0.396329728517424,0.343964484644925,0.461841353167899,6.43634091637887,5.93148512874942,7.71844231085965,1.01306541164126,0.2595,3119.3256126351,0.589,"metaT"
188,62804445,137126,10,0.355677551613743,0.354486871006495,0.355883040227968,0.375710266677141,0.371895472958724,0.379704160083483,2.63611610898316,2.63088062957814,2.64255538844183,7.89827252605808,7.86153864849071,7.98641108736702,1.00718649751809,0.00025,136675.072220545,0.3635,"metaT"
189,2699648,16657,10,0.707113187321195,0.642637667924105,0.767379410594169,0.81937553364796,0.742867576652004,0.923357521699994,2.18040078972891,2.13017053901956,2.24389422075711,6.4394211502737,6.41505085843806,6.47372339160556,1.00802732945803,0.00525,16548.6403539028,0.83325,"metaT"
191,5961916,21556,10,0.172586377270895,0.169464451566339,0.177026608603284,0.656014107908547,0.619167656238579,0.71437906329283,2.69483881507267,2.67511773766327,2.71818201370383,6.8107568424988,6.77787015461824,6.86638741042193,1.00681672560949,0.0325,21508.5816559675,0.0365,"metaT"
193,7067608,24154,10,0.913025348789449,0.873995169052676,0.953753253661504,1.60284704178765,1.47793550645868,1.76509313286686,2.67181885037105,2.62732758160711,2.72271176423897,6.84044274808421,6.82949146325838,6.85212443110902,1.0119697010324,0.00025,24005.0617274909,0.999,"metaT"
194,17869201,63614,10,0.0898540160395107,0.0898095910798755,0.0898681304782489,1.95536128101032,1.95410075795887,1.95596069930249,3.24094610216077,3.23230414725378,3.24978337904081,7.24672328676512,7.23833475523329,7.25532305584773,1.00803401540177,0.00025,63228.6238579516,0.75025,"metaT"
196,35716767,40276,10,0.445484172678969,0.437469321916192,0.453062690377038,1.0411981103605,1.00225965576273,1.084658598898,3.24519524554876,3.23555384561832,3.255382072052,7.54935180180687,7.53454712295319,7.56942658277079,1.00986246489656,0.00025,40108.4213518992,0.978,"metaT"
201,9413801,31693,10,0.21293088749632,0.209548101646394,0.217442423627905,0.659218941432515,0.629712560163036,0.706500244304011,2.71724161951228,2.70244114048043,2.73522470921626,7.01926077358833,6.99211603058843,7.06496783967984,1.01070848726645,0.00025,31566.5331728176,0.24575,"metaT"
205,79473220,167344,10,0.0259845309602013,0.0259804495633519,0.0259847100819002,0.313107489763372,0.31297240446043,0.31320165320407,2.89756256565246,2.89174818455722,2.90296477895393,8.03807449785332,7.98924627255165,8.17441775238199,1.01788956939526,0.00025,169239.334299276,0.00025,"metaT"
206,8053742,11082,10,0.390066472207927,0.369668822697783,0.406878844264432,1.5154691784453,1.39275468714511,1.7337770142665,3.35459206955153,3.33195410688338,3.41516901437327,6.89792911578425,6.877860171785,6.91919809272,1.01614696367476,0.00025,11013.3614166704,0.9915,"metaT"
208,281513,1394,10,0.070841049376403,0.0678186030846379,0.0793989220626434,0.211212683670726,0.120615653005928,0.444309783464339,2.1596370845731,2.06447215601155,2.32533058095742,5.53503803613811,5.36497799793071,5.94437699903225,1.01294542452087,0.5835,1385.2010694624,0.28,"metaT"
209,11890127,17171,10,0.357710178556113,0.34732874118672,0.368598846136735,0.709054022379752,0.653782175068528,0.779312511863286,3.02984071979198,3.01247955176767,3.05076643797671,7.08325846668819,7.05061340415978,7.1377978809903,1.01605216508097,0.00025,17086.0505568068,0.955,"metaT"
210,2754194,5096,10,0.112551055928563,0.103397634565915,0.128346680810638,1.93258411621174,1.66394881732182,2.38588268022442,3.56164255000143,3.50992906438858,3.63055179042556,6.43295705703115,6.4025943156588,6.46575585714567,1.0295367954552,0.00025,5107.70832620085,0.095,"metaT"
