"station","N_10","S_10","nmin","zeta","zeta_low","zeta_high","alpha","alpha_low","alpha_high","logk","logk_low","logk_high","logN_mean","logN_low","logN_high","KS","p_KS","CvM","p_CvM","data","rejected"
7,52.6026410101821,1121,0.0005382131324004,2.59227405369246,2.18210402895776,3.19958768871263,1.44303213080922,1.07722125317231,1.9846265532749,-1.58514371604852,-1.76591401533789,-1.41002611974557,1.71813958449369,1.67899219636183,1.76347914804207,0.0257023763962115,0.02125,0.143550549583244,0.0065,"metaG",0
11,24.3142224339547,325,0.00250501002004,2.68897873957796,1.69210257211813,5.15819405249638,0.76064741964766,0.380608933841921,1.55417760845021,-1.632023150327,-2.06771519205376,-1.2314260697944,1.42188511164729,1.31738947840449,1.59559912376585,0.0263545178455056,0.674,0.0311564685503893,0.69,"metaG",0
18,40.62982597862,1039,0.0015292645627693,6.01751205373264,4.3066366162746,6.73400673400673,1.21400591626302,0.992619048186737,1.61483766886708,-2.10735128840267,-2.20943792792717,-1.87119553866255,1.60391067200676,1.56189807597211,1.65738557746787,0.0156061774364727,0.6805,0.0287171793153343,0.79425,"metaG",0
22,67.5258174704299,1422,0.0009274717121127,2.47923989393937,2.08460297553673,3.0272775666218,1.22370776190149,0.934719655834498,1.6514879122826,-1.62396913318808,-1.78474865469827,-1.45429730715651,1.83467171528281,1.79485676519985,1.88575931212918,0.0307393312572689,5e-04,0.415618901036166,0.00025,"metaG",1
23,46.9886810703787,1282,0.001262284735371,3.90470914416589,3.07110134745834,5.31039473777861,1.17581524874318,0.898199831359428,1.56384487449796,-1.9657589025735,-2.16749155139681,-1.77574010182883,1.66273693249319,1.62143908614585,1.71641916525544,0.0151842257525938,0.5345,0.0411103008002612,0.5035,"metaG",0
25,113.902613654964,1524,0.0008325701440346,5.38121643871741,4.00576738360343,6.73400673400673,0.369696835037065,0.254861948746805,0.520016393502327,-2.22356786844481,-2.37327467425293,-2.0305111488108,2.10079462941091,1.99518915128732,2.3544386960673,0.0133036212223263,0.6435,0.0563026434804363,0.30125,"metaG",0
26,71.0191007988322,1357,0.0017344686218858,5.993186091837,4.29146783235602,6.73400673400673,0.735324893966835,0.585349958045952,0.963163862257337,-2.18672416028274,-2.28431940518856,-1.9678122536832,1.85421416433973,1.79484374905498,1.95025723847763,0.0249439928679686,0.02025,0.135760070711765,0.0165,"metaG",0
30,57.6609577070839,1210,0.0012893521005694,5.85021819809833,4.40661610213474,6.73400673400673,1.310588407864,1.06964049220629,1.67857203298201,-1.99809407504375,-2.11667282872646,-1.79800214375043,1.7341220759399,1.69735785508055,1.7799304914527,0.0180266340137737,0.316,0.0911032814618989,0.078,"metaG",0
36,260.481933294752,2004,0.0004426606858289,2.72011838099872,2.24819583160072,3.45362216022515,-0.00220454132748482,-0.0792669453504788,0.0845111096383615,-2.12663119084676,-2.28033851662461,-1.9849585053344,2.61608658294736,2.35360832223664,3.28911413643945,0.021202971485259,0.0075,0.185227401991693,0.0015,"metaG",0
38,48.8240197797859,679,0.0024313153415998,6.66666666666667,4.14920397060473,6.73400673400673,0.972620322350619,0.769771943113934,1.40475292062889,-2.15635316566074,-2.2143843562504,-1.84401941676522,1.50992382298987,1.44741859365776,1.60137251726764,0.0309865407161112,0.08075,0.0979010415732707,0.08425,"metaG",0
39,62.1441358994925,1560,0.0002020944332169,2.06837531942193,1.81145017687132,2.39270017295165,1.71870378282232,1.31749966389703,2.30215924978977,-1.48087901451339,-1.62665073923918,-1.32575216175284,1.79224431134437,1.7608118733347,1.82836713686014,0.0188609264050296,0.0845,0.0656638892448194,0.17225,"metaG",0
41,62.4195625313353,864,0.000915827158438,6.66666666666667,4.08602565768647,6.73400673400673,0.134230708166642,0.0392294298415335,0.28951715147897,-2.50967574796116,-2.56054166716465,-2.21546142422575,1.95662226755228,1.75475991372331,2.47070291046348,0.0553712492903097,0.00025,0.501226673386568,0.00025,"metaG",1
46,33.5601169866468,1127,0.0008202410246703,6.04333831714384,4.29496528099248,6.73400673400673,0.737774880315964,0.587863196373853,0.989716253645757,-2.41121516167083,-2.50969195957071,-2.19095268790501,1.54989239186611,1.4880394104537,1.65141539984944,0.0426089796856067,0.00025,0.458716892403462,0.00025,"metaG",1
51,17.9868926221849,624,0.0010744600838078,4.84121683687244,3.53527829174697,6.73400673400673,2.0237867714739,1.48651455433195,3.02797769988422,-1.93075861439981,-2.16703410966989,-1.65402341663979,1.24289656236741,1.20540602124949,1.28539656054222,0.0278059939695685,0.1515,0.0884040599932781,0.07125,"metaG",0
52,41.3591507144317,1343,0.0007077641729775,3.01310175827893,2.53990321677941,3.71964933533024,1.90860780096664,1.48317552324472,2.58582674305456,-1.71667276963611,-1.88979806953361,-1.53963697978308,1.60961029510035,1.58008052936438,1.64268066021823,0.0226183303327057,0.03,0.144352830685974,0.00775,"metaG",0
64,115.108676841927,3506,0.0005317349059796,4.99872200097227,4.25487498326429,6.13588491222101,1.05314108989877,0.90209542120659,1.2307350529288,-2.15946836915079,-2.29028736364045,-2.04514351102808,2.06172921372835,2.03260386244521,2.10002598201784,0.0397547624871044,0.00025,1.38215124342229,0.00025,"metaG",1
65,178.295167282992,3827,0.0006787463849377,2.67614115116442,2.402052165177,3.04470305049578,0.798120257719189,0.664606374148518,0.955984578418361,-1.80941310767587,-1.90989996483891,-1.71440745051246,2.29801448729432,2.25837909058629,2.35994266983205,0.0233763481259363,0.00025,0.73555027659381,0.00025,"metaG",1
66,319.878362660595,3651,0.0005059814232534,3.79168211181435,3.15662488520472,4.72747071385969,-0.0339151127414492,-0.0872096423032548,0.0252062172931357,-2.36156731903686,-2.49351941638225,-2.24356324123595,2.90463156275679,2.62935046144077,3.67365543855654,0.0303618983683714,0.00025,0.870277317092906,0.00025,"metaG",1
67,124.958231622397,3486,0.0008810572687224,6.66666666666667,4.37269443432263,6.73400673400673,-0.0121357405160007,-0.0529280747368321,0.0529959866003187,-2.98289626328828,-3.01168030853459,-2.75451007129767,2.45387976347726,2.19518538014274,3.18876574135857,0.070791853777901,0.00025,4.93969268098399,0.00025,"metaG",1
68,40.3839465258853,977,0.0002586117720078,2.72939184776415,2.2401937240189,3.52841015635542,0.99540789368533,0.717889718941325,1.40881524285721,-1.85551500622735,-2.05544920893841,-1.67128565578215,1.5699450869596,1.51506143943229,1.65056807101706,0.0189675882195761,0.37025,0.0409419996888658,0.51075,"metaG",0
70,42.0624549705193,1355,0.0009595394210778,2.83996196373588,2.40081869112749,3.4697744124396,2.49974650263058,1.91169102527952,3.43733634658391,-1.56884688659801,-1.74812911598005,-1.38039356037528,1.61869917975618,1.59262728426315,1.64506474532955,0.015387160446464,0.445,0.0589454792345882,0.23675,"metaG",0
72,28.5397772209134,787,0.0008965092172353,3.50071427422875,2.74905051986758,4.79650954973939,1.85311956478547,1.34414780949091,2.69278116013678,-1.73226183965722,-1.97431389494819,-1.49047191776372,1.44003844776319,1.40197147187572,1.48118128000798,0.0215028095807771,0.33625,0.0796051969682566,0.10325,"metaG",0
76,54.1701247486687,928,0.0009037505648441,3.37362337820566,2.61360724463491,4.77454043334285,0.72473267942055,0.502805294105047,1.03274201963845,-1.84740792314438,-2.07655289513108,-1.64920077764024,1.78342462262023,1.7101678248805,1.90259822635079,0.0328488528722417,0.00375,0.209503165890827,5e-04,"metaG",1
78,22.0323177422238,591,0.0007077641729775,2.21133223872128,1.77096435795333,2.84872762801821,2.12020936084518,1.40785183227826,3.56011366444748,-1.4440654464459,-1.69233530392201,-1.15708937828681,1.34567612020184,1.30350938911132,1.39246595827424,0.0299735548440822,0.0995,0.0910639331171559,0.0565,"metaG",0
80,451.305000389366,16343,0.0004960499724416,6.66666666666667,6.08900935013786,6.73400673400673,1.41222551839362,1.35169234498375,1.51068838036218,-2.332032895934,-2.34928294789203,-2.2728164034724,2.5553741568797,2.54529447333272,2.56687946622345,0.094889543266289,0.00025,48.455276876461,0.00025,"metaG",1
81,78.9651885265422,4589,0.0004092594960992,6.66666666666667,5.35689653807945,6.73400673400673,0.582793472793542,0.516845020759982,0.688646699157806,-2.92236435942455,-2.94891657209098,-2.79153743319718,1.79540969000739,1.74634819515837,1.88970618625744,0.114410253672834,0.00025,18.1324222111811,0.00025,"metaG",1
82,405.277053735181,5341,0.000671727010143,2.5748011178803,2.34082592966473,2.86365425516277,0.57554924832675,0.484201619992021,0.681977089900844,-1.73394905174662,-1.81666352796715,-1.65495195276427,2.64081248241664,2.59236863563979,2.73320707218878,0.00736651398016058,0.55525,0.0682177264342771,0.159,"metaG",0
84,1940.42204804977,47402,0.0005511666360462,6.66666666666667,6.22540066641462,6.73400673400673,0.530967953152435,0.510702702656248,0.559236556903464,-2.61438530916089,-2.62574823600125,-2.57465748524103,3.15816488609222,3.13376488267771,3.20629625621675,0.0772847248134463,0.00025,88.2727814354798,0.00025,"metaG",1
85,1804.69788644021,36493,0.0008697979392479,6.66666666666667,6.12590203790979,6.73400673400673,0.353840885287669,0.334418853840324,0.380769812018056,-2.60304842275652,-2.61534163467248,-2.55486102196352,3.22624667791677,3.17919846760735,3.33878942512553,0.0468801864383125,0.00025,22.2256518058074,0.00025,"metaG",1
92,259.866958281566,11244,0.0004593055300385,6.66666666666667,5.95276943049074,6.73400673400673,1.1582804997897,1.09705016496349,1.26124835381834,-2.49299874215005,-2.51158964338334,-2.4211002694728,2.31776240142271,2.30284916395035,2.33508698025236,0.104134381043552,0.00025,37.6538756536821,0.00025,"metaG",1
98,29.9047027849304,490,0.0025239777889954,2.00776467362198,1.36900481210256,3.17705185287371,0.841100228698665,0.472194927204356,1.55097679942153,-1.53389586889165,-1.86989004652728,-1.18442751864276,1.53557215275215,1.44960797366931,1.66536092238868,0.0530520429382199,0.00025,0.329024117275375,0.00025,"metaG",1
100,587.747769019596,7533,0.0009030024832568,6.66666666666667,5.47786363817054,6.73400673400673,0.0776221126608723,0.0470688914933031,0.12137631634352,-2.58360567785854,-2.6046422828339,-2.47114086540783,2.99269019722432,2.81696007138025,3.51140695474269,0.0940826267628606,0.00025,16.1567559617461,0.00025,"metaG",1
102,712.186614933685,4714,0.0001837222120154,1.62644152748958,1.50066531576925,1.78427400059484,0.0978713333317114,0.0374736242822284,0.16618909533446,-1.53072390125287,-1.61036155951977,-1.457036158415,3.16827070560721,2.98900645575012,3.6551223129686,0.0235202455683774,0.00025,0.807480053600622,0.00025,"metaG",1
109,91.4758689601662,3246,0.0007141764015711,6.66666666666667,5.40844180988088,6.73400673400673,1.1014265691224,0.995769948361364,1.28346145450174,-2.33515856905896,-2.36498132934799,-2.20198551606245,1.9582667768664,1.93077452193675,1.99481595636965,0.051943959517364,0.00025,2.40317799700451,0.00025,"metaG",1
110,289.161152865651,3946,0.0009184512012374,2.37833760178609,2.13061627361678,2.6853066232871,0.649037424080143,0.530852979065277,0.783091253947954,-1.63792260485412,-1.7346223332725,-1.54464019882271,2.51965691028476,2.47095058314118,2.59992571810306,0.0269364458385158,0.00025,0.601698065612652,0.00025,"metaG",1
111,218.02979104231,2820,0.0012648958125291,2.82098135570472,2.41086395535692,3.39040433445181,0.379423964285325,0.277983073216058,0.497357891354247,-1.83641382778066,-1.96510126662802,-1.71817051719255,2.47001773827599,2.3798581189722,2.67341739650097,0.0216798448110898,0.00025,0.326347581558206,0.00025,"metaG",1
122,1068.21424354722,11189,0.0003397473515149,6.66666666666667,5.68922325353896,6.73400673400673,0.0247400513772056,-0.00027676556173441,0.0592091098430392,-2.56336030477707,-2.58100695912752,-2.47286618562333,3.32283187160057,3.12461961239889,3.90581360254903,0.0660566507899992,0.00025,12.5126070981592,0.00025,"metaG",1
123,486.712458130905,13332,0.0003088612286499,6.66666666666667,5.88267524800673,6.73400673400673,0.511523169442147,0.476265189583193,0.564125620338337,-2.55241192293261,-2.56941532730699,-2.47887092854097,2.68392189442598,2.64465257013536,2.76258192561146,0.0570030951461556,0.00025,10.1320708424046,0.00025,"metaG",1
124,493.179822078221,4588,0.000539374325782,2.16719528583362,1.95699576140254,2.43482179584279,0.153652764558114,0.0889695683391313,0.226640373737002,-1.74390086906162,-1.83331868872255,-1.65779851389151,2.96478848670206,2.81314898726463,3.36680763500594,0.0431754157141402,0.00025,3.30997515101778,0.00025,"metaG",1
125,717.375951026482,6502,0.0004941779658399,3.19710750953474,2.85472426455084,3.63145776889628,0.121638605282488,0.073083597716251,0.174256278862501,-1.95904303410614,-2.04226899852933,-1.87998460725485,3.13902272226112,2.98394531746089,3.57327395289229,0.0211283070695641,0.00025,0.62901710725389,0.00025,"metaG",1
128,88.0351404229534,1942,0.0013157894736842,2.66449425676799,2.26946661918811,3.21710465486343,1.10807377873177,0.874273405286024,1.41439798331313,-1.69808568221777,-1.84554571031233,-1.55474377978192,1.97128679850984,1.93482262560735,2.02133258833645,0.0268676802716965,0.00025,0.36329404418585,0.00025,"metaG",1
131,94.0215553171695,736,0.0014788921753159,5.72644508393015,3.19703800143682,6.73400673400673,-0.113668665230384,-0.19695862278746,0.0100744692634859,-2.46947234889463,-2.6042615580921,-2.12133444658254,2.42336137273672,2.02642832092716,3.44694120912897,0.0307219417982146,0.06375,0.139776759258868,0.02325,"metaG",0
132,59.6382884239029,1267,0.0015410479125805,5.10163042101429,3.78432077166602,6.73400673400673,0.872050886921694,0.673527728168876,1.1557907715272,-2.07530028004576,-2.25291342865086,-1.86901423661773,1.79324727872045,1.74048312993762,1.87067701950317,0.0136542873658891,0.729,0.0502544211791987,0.35425,"metaG",0
135,34.7230070811731,994,0.0014002333722287,2.37538818319005,1.87230623849005,3.09421223730773,1.48509084990664,1.08685360355595,2.17325623710836,-1.67141633311518,-1.87973290306862,-1.44403434925636,1.53192936404017,1.49162924255145,1.58016837346753,0.0223863530828188,0.1195,0.0457724152574341,0.37875,"metaG",0
136,62.3544960307298,1528,0.0008673967255773,2.93978932688866,2.45618037138233,3.63443847975276,1.24878358323685,0.967642339038701,1.62581428059671,-1.75282516369183,-1.91310902311478,-1.59490912811015,1.80238454416695,1.76564180476537,1.85053746350729,0.0252667434431181,0.0035,0.177996318624747,0.0015,"metaG",0
137,61.609047385012,1604,0.0005603182607721,2.27610909110686,1.98412345594198,2.65484477857369,2.10538782598599,1.64331097458617,2.82686705910493,-1.45345717797253,-1.60398873299005,-1.29065162239298,1.78555697448215,1.75933185683409,1.81447777270635,0.0170868191368796,0.16725,0.0718613287059052,0.14125,"metaG",0
138,27.2726851268689,917,0.0006852925672113,2.61833665322504,2.17579791627086,3.26035083782141,2.82528792761532,2.03075255981684,4.30032185216933,-1.50963730656455,-1.71924117010146,-1.27289956344619,1.41963821148962,1.39044784026788,1.45024356256284,0.0211079808297744,0.2475,0.0955374982172748,0.051,"metaG",0
142,22.8503977943592,749,0.00023883887562,2.16289944486504,1.82866462674412,2.61910198805014,4.19494874017335,2.77984153744678,7.93038145356106,-1.23292264413569,-1.47166255375181,-0.907884146745055,1.35362181607045,1.32339903070942,1.38345493418875,0.0172382054843996,0.75575,0.0399481925274845,0.53525,"metaG",0
143,23.4113984922377,749,0.000896151818661,2.84448028699229,2.2988112328059,3.70995134332137,3.01138024830704,2.09950127337626,4.84547225466186,-1.50045106593493,-1.74969947940019,-1.220020034285,1.34920682090346,1.31764509631891,1.38062823983987,0.020492315730515,0.4465,0.0470088496569462,0.388,"metaG",0
144,54.7442067719183,1498,0.0007687576875768,2.46887861654712,2.14085771761468,2.90399839219963,2.4287480179697,1.87177700037431,3.33712081416191,-1.44591946870788,-1.60697506482857,-1.26447671228101,1.73688770720172,1.71177318294389,1.76289128776075,0.0137526120820692,0.5635,0.0521186990082731,0.31775,"metaG",0
145,183.816768999531,2700,0.0008701116643302,6.66666666666667,4.5643610404637,6.73400673400673,-0.100060461885244,-0.140559748917046,-0.0357987420441797,-2.8208878241929,-2.85300856700182,-2.61197491312782,2.76566829152486,2.41265092816937,3.6765955473989,0.0345095180334022,0.00025,0.675039508153799,0.00025,"metaG",1
146,64.887852388778,1495,0.0006074596039363,3.47405484443928,2.85572631617783,4.46051323975995,0.903821056730411,0.693988869600678,1.16677764363412,-1.92372421765571,-2.09730670911299,-1.76980704067168,1.83385390527549,1.78531511850844,1.90722664747015,0.0274411264582293,0.002,0.188718093243936,0.00225,"metaG",0
147,35.2440702822905,1041,0.0002939555392246,2.92553094237372,2.43544490248736,3.69551529387264,1.70288552046759,1.28485487694968,2.36309886144214,-1.70548129120818,-1.89525520100154,-1.51436621613485,1.54648689805355,1.51055611149667,1.58702612638969,0.03139865429225,0.003,0.136652081672391,0.00875,"metaG",0
148,51.2058619026897,1357,0.0006797721844571,2.76396538047843,2.34258887259698,3.36626847316218,1.96469967898741,1.52425166286611,2.67296769438762,-1.57787349078202,-1.7469899726402,-1.39616801645098,1.70280211082117,1.67384197886057,1.73404587621955,0.0190488335497506,0.13975,0.0911558880632987,0.06,"metaG",0
149,74.9972080766512,2775,0.0007988815658078,6.66666666666667,4.96563516201543,6.73400673400673,0.405622149802108,0.335099387392669,0.522914340354844,-2.65745296522292,-2.68816355040288,-2.48271832848141,1.98810905292376,1.90642775138504,2.15886831351052,0.0361553078561384,0.00025,1.15853156958056,0.00025,"metaG",1
150,45.6043728822559,1306,0.0004225610876354,2.65848421207947,2.26183689295876,3.19677449028573,2.25579364918515,1.735354503486,3.08868306785487,-1.54945775156525,-1.71916998889813,-1.36484318398026,1.6379566390985,1.6112710769129,1.66702739389488,0.0224223414884245,0.04275,0.141841768898295,0.007,"metaG",0
151,21.8206385245572,774,0.0008376086273688,4.30070935825726,3.2823740340731,6.35841454327966,1.9113315479427,1.41233331096367,2.70858108149809,-1.93497224443533,-2.19667446670862,-1.6997273854257,1.30554502212237,1.26988300722824,1.34491818686328,0.0244147623227213,0.165,0.0624519417540215,0.2045,"metaG",0
152,99.2980792740448,2580,0.0004859956516178,6.66666666666667,5.07455285966647,6.73400673400673,0.236369891708216,0.17288411107432,0.330253451795447,-2.63388265832178,-2.66555462815533,-2.47235097392859,2.17968390321084,2.0509554349001,2.53744802977972,0.0451937557101296,0.00025,1.63808410529745,0.00025,"metaG",1
155,3620.91928365464,51744,0.0001837222120154,5.52126245902748,5.2725389311693,5.80160083311631,1.27700803307362,1.22903873835091,1.3259537286307,-2.02540742459222,-2.05799256963117,-1.99450174959865,3.32428764168405,3.31758010385313,3.33192065706554,0.0656948069181132,0.00025,45.1606426357259,0.00025,"metaG",1
158,199.540771708482,10917,0.0009419152276295,6.66666666666667,5.70283010828568,6.73400673400673,1.1533358766657,1.08845607506463,1.26082286627015,-2.6806061930199,-2.69986707802467,-2.58604621638839,2.12032569563131,2.10490545455081,2.13837396260491,0.0833719335657166,0.00025,23.1069278125509,0.00025,"metaG",1
168,54.6436837136135,1419,0.000705467372134,3.35425300268931,2.73414465595085,4.35934085266494,0.989098704616371,0.757975940642923,1.29558200089214,-1.95227809072335,-2.1357506959415,-1.78252895274557,1.72870455691408,1.68222497703516,1.79191615956051,0.0186494250265845,0.134,0.0571654248575058,0.24925,"metaG",0
173,6447.76160592933,123737,0.0007228306046478,3.83175777857666,3.72844401469467,3.94335850106035,0.611842852653255,0.592595613067895,0.631260174054931,-2.06859295074623,-2.0875357825485,-2.04960068762332,3.82040474017116,3.80622168415535,3.84793218579708,0.0194925318217003,0.00025,11.796989842519,0.00025,"metaG",1
175,3105.73173311081,43715,0.0002895727485718,6.66666666666667,6.29428499771051,6.73400673400673,1.25439161001546,1.21907537712193,1.30610044047057,-2.11318651583668,-2.12555386224062,-2.07560954930885,3.25282957213883,3.24565364702921,3.26093161096429,0.0383154985658152,0.00025,17.6068329408605,0.00025,"metaG",1
178,36.1511087190677,926,0.0005650297924799,3.35898274310444,2.65459479858367,4.58226811518302,1.23218250970246,0.899453940157254,1.71938913917622,-1.9455469944741,-2.17016851466912,-1.73980533007947,1.45545793416284,1.40830832187427,1.517299649475,0.0311119942225314,0.00675,0.234610944792818,5e-04,"metaG",1
180,170.11354709644,6316,0.0006270499710592,6.66666666666667,5.66534703391328,6.73400673400673,1.10875587609451,1.0310608604929,1.2415438573781,-2.51822843930659,-2.54095822512751,-2.41474680696488,2.06117721518305,2.04061022751627,2.08724809940789,0.130395057162502,0.00025,32.2098583861327,0.00025,"metaG",1
188,19118.3676034872,186620,0.0006416238917405,6.66666666666667,6.39017590052172,6.73400673400673,0.00771467645225865,0.00154097354217327,0.0153458204401011,-2.58528450380196,-2.59326396151991,-2.56177862294792,4.6651017665049,4.49321858673016,5.2203546863412,0.0414176183481628,0.00025,90.257219889656,0.00025,"metaG",1
189,1143.1202624447,23369,0.0006926646810279,3.24955730022497,3.12798431805405,3.3880722092826,3.87075142474103,3.60549530804561,4.17314864509426,-1.30984934385438,-1.35560508426719,-1.26467823602275,2.98285787086882,2.97808174150541,2.98767088547379,0.0694785586183557,0.00025,43.9055480606241,0.00025,"metaG",1
191,852.198666174373,29315,0.0003541285486631,6.66666666666667,6.14790841982925,6.73400673400673,0.718045047654661,0.688417044837494,0.76042817497592,-2.66674075336909,-2.68027322345226,-2.61807879570155,2.76779346736502,2.74908909531495,2.79937797039055,0.0442741216581417,0.00025,21.6167773991981,0.00025,"metaG",1
193,1366.35799877472,29860,0.0008702462796971,6.66666666666667,6.14446229191883,6.73400673400673,0.691750506863113,0.663818895694238,0.733899130294145,-2.50816454794383,-2.52117224700323,-2.45912668490706,2.95036726396949,2.93113640333149,2.98197680420738,0.0732556468649366,0.00025,38.9877740187998,0.00025,"metaG",1
194,2627.16048439527,81956,0.0007854842510407,6.66666666666667,6.39208213712419,6.73400673400673,1.54365416181159,1.51234588916595,1.58835011660021,-2.32742297733911,-2.33802425907373,-2.3011075439977,3.22156117605264,3.21723895453631,3.22594759183813,0.0538972275296877,0.00025,83.3025531082717,0.00025,"metaG",1
196,1738.24763856148,45518,0.0003246178362745,6.66666666666667,6.27007241593393,6.73400673400673,1.03708958366368,1.00754668676963,1.08108684917602,-2.41800532208536,-2.42985879024039,-2.38064157593849,3.04836813254115,3.03917232774013,3.05969671058387,0.0486211026491017,0.00025,32.407899919292,0.00025,"metaG",1
201,3132.01115474535,49991,0.0004336983627886,1.61360433387434,1.5806893522088,1.64978684924169,2.36526673194908,2.24201651293277,2.50129503472609,-1.0748871078287,-1.10318085949513,-1.04664215203196,3.45835956600908,3.45319764094785,3.4635056684584,0.0404700981522091,0.00025,30.6291639793666,0.00025,"metaG",1
205,25157.3276810803,238155,0.0005075111652456,3.87061076817797,3.80037823494377,3.94911153015522,0.633101563567142,0.618780743228859,0.647225766011266,-1.89736005260439,-1.91104572453386,-1.88445425474577,4.26547950049311,4.25502927640324,4.28310384917865,0.0220570671295915,0.00025,37.7962556361993,0.00025,"metaG",1
206,614.494389409488,13893,0.0006650778695338,6.66666666666667,5.84746262675716,6.73400673400673,0.4205657969744,0.388274489621152,0.470030750081682,-2.58948797676002,-2.60553700429123,-2.51339680865249,2.7479706494563,2.69732487620941,2.86302627404622,0.075313558373314,0.00025,23.3068470162492,0.00025,"metaG",1
208,79.3588977745376,2203,0.0009186954524575,6.66666666666667,4.61685407044298,6.73400673400673,0.199663188840334,0.137996147485944,0.302872700948883,-2.77598907226381,-2.80929346314805,-2.56726798899135,2.01619370949454,1.87319894080315,2.38880402964522,0.0504344181672681,0.00025,1.71153878751113,0.00025,"metaG",1
209,1400.20706332243,22125,0.0002632479532471,6.66666666666667,6.02486158680976,6.73400673400673,0.388407685123043,0.363813491325252,0.425759146760509,-2.60662299753626,-2.62069010357566,-2.54781900135074,2.96826833621466,2.91792162771381,3.10369433673779,0.0595894714826941,0.00025,22.321073066932,0.00025,"metaG",1
210,387.927781391575,7513,0.0003397473515149,6.66666666666667,5.61651026081202,6.73400673400673,0.180924191257186,0.14598512744514,0.231473133099037,-2.70555534778015,-2.72589617249687,-2.60566991432186,2.66213530067053,2.54347152357315,2.96537454225791,0.083700292830649,0.00025,13.7023658215762,0.00025,"metaG",1
7,54.4850083886559,441,0.0005371530886302,3.16385680849185,2.22884392832329,5.74351425142879,0.226102538412415,0.0371070167943381,0.500511037160853,-1.86085558544812,-2.22533230836862,-1.58650934312419,1.83496017963362,1.64348526923889,2.28395176444485,0.0238636973706239,0.6195,0.0337717091140858,0.638,"metaT",0
11,22.0008347395683,167,0.0044910179640718,1.14332169346356,0.494762645927871,2.94367262974068,0.809566201896775,0.215621732488836,5.05953371885272,-1.10608610325088,-1.76750710216489,-0.135893696848467,1.2833481344273,1.13720234371272,1.51423164917306,0.0588307438358541,0.035,0.0715260192285837,0.09475,"metaT",0
18,54.7400599719865,368,0.0029612081729345,3.16730130332623,1.7225409094303,6.73400673400673,0.0922257830548654,-0.0760907333439345,0.392810033519267,-1.9199447096396,-2.35905394498436,-1.49240334516871,1.89040364357869,1.62515077429005,2.54224465730496,0.0235534785966192,0.7615,0.048425458926734,0.341,"metaT",0
22,39.0591208319734,608,0.0009016319538364,2.18999490057756,1.70710917271095,2.97939198216041,1.02026533348658,0.643882833569488,1.65184055387154,-1.52341673021252,-1.77750425971646,-1.26477448157543,1.59157432403847,1.52414876753293,1.69010177329893,0.0375273416511085,0.00625,0.178898791345179,0.00075,"metaT",0
23,88.5270400575944,618,0.001504244117331,6.66666666666667,3.71157797429258,6.73400673400673,0.057871283732712,-0.0404295460979124,0.232254291947411,-2.34956485145747,-2.40463419889457,-2.00032968214265,2.09767311791606,1.83456153724941,2.74248224326128,0.03267402569598,0.0845,0.144059905503348,0.02175,"metaT",0
25,86.1241480474582,792,0.0004859956516178,3.55904212941882,2.69063727248816,5.42379958394615,0.566250380041934,0.363474326957702,0.854744718040768,-1.7294501741047,-1.9953762743975,-1.50914786703944,1.95739033329451,1.86455552136554,2.13026756994787,0.0192175788754729,0.5225,0.0438585190290257,0.466,"metaT",0
26,20.8369948854461,587,0.0012955045990413,5.23047906311736,3.47943134937689,6.73400673400673,1.07418893247434,0.784540922592829,1.6098563391341,-2.13482604835345,-2.32475166998456,-1.83790494361808,1.31972565885546,1.26047196253471,1.40550348958195,0.0223876406050663,0.52475,0.0526022164478519,0.33675,"metaT",0
30,61.4563712545891,535,0.0039460703715882,6.66666666666667,2.84437131177091,6.73400673400673,0.162746926581435,0.0447279268794613,0.415326985871624,-2.31416107459024,-2.38088556318089,-1.82555934238035,1.88979044197006,1.67932491454976,2.38506109616689,0.0291197685900484,0.2245,0.0911005532856925,0.09125,"metaT",0
36,68.252178461987,580,0.0002844729492086,1.56969908198483,1.26520461130177,2.01967033201209,0.461308089578235,0.215951801721753,0.863631531748085,-1.51001218123587,-1.73450939298158,-1.26933163939929,1.7627138599091,1.63295388749893,2.01733357054705,0.0408197331293715,0.003,0.19058369737425,0.00075,"metaT",0
38,52.8581446218043,432,0.0053346265761396,3.1768882227368,1.94448567276933,6.50445043649556,0.676069717886506,0.37078677095025,1.22228024028899,-1.54285243856287,-1.96675771243514,-1.16767308634323,1.76004161832721,1.65890253665696,1.93777387620991,0.0327329697687217,0.1385,0.0796354350552988,0.0755,"metaT",0
39,152.249078720619,640,0.000650547544183,1.57685807149047,1.27528489497377,2.03225038059871,0.493341110834112,0.248618551334112,0.874269885113228,-1.21606576688864,-1.43704863200202,-0.987832367277622,2.07772870456096,1.95836711443565,2.31507146631861,0.051752121834446,5e-04,0.383260131235022,0.00025,"metaT",1
41,114.409801659877,325,0.0008275576704251,2.3948273408264,1.58604902108174,4.85142340991638,-0.0513265046597788,-0.210034023530383,0.198560783539743,-1.77027432648854,-2.21032073923305,-1.43860825845676,2.13006295042251,1.75895947471312,2.96553427860005,0.0312513405901918,0.40575,0.0604292945354909,0.22,"metaT",0
46,82.2450562059654,423,0.0004655011896141,2.44878638965865,1.76812061137655,4.07064774213811,0.323106288743792,0.091222157852394,0.67533293331256,-1.97300295817894,-2.31464961832246,-1.69463185143441,1.48580436168097,1.31705797580632,1.84383111341098,0.0446879019320044,0.00625,0.124174914716909,0.01475,"metaT",0
51,15.6612922634772,343,0.0029417532849578,6.66666666666667,3.1861999211055,6.73400673400673,0.973516346985826,0.715209626029026,1.72876627642939,-2.20561599190145,-2.2832120230592,-1.71836238639812,1.1606887683717,1.0817758653217,1.27038784913048,0.048222917960057,0.026,0.147759491534061,0.01375,"metaT",0
52,30.3191197570883,399,0.0005144221936432,2.8862325156316,2.05505735698376,4.74949623229982,0.586057351853848,0.299488129040729,1.05204158240579,-1.82987100407816,-2.17229136555884,-1.54302795999981,1.4493256111503,1.33350804687805,1.64807483259818,0.0532223331951889,0.00125,0.203600557582692,0.00025,"metaT",1
64,220.861003598066,1900,0.0007175071750717,2.53745851977715,2.17168124692917,3.07001075529193,0.494753561588216,0.353774530565894,0.664756606339706,-1.69092980394783,-1.83450944123912,-1.55990284559334,2.28708863048501,2.2082628293508,2.44571729008704,0.0115918538126594,0.66925,0.0278942294440539,0.79175,"metaT",0
65,171.49073247769,1094,0.0005611386012345,2.07869345828847,1.67380962393154,2.69408605231794,-0.0123532259160513,-0.111676173322581,0.11481586277947,-1.76134771937467,-1.95495415736873,-1.58497884078615,2.59526821235227,2.29971897991957,3.3460019657676,0.0682408392568414,0.00025,0.745160572871127,0.00025,"metaT",1
66,631.890908603421,1774,0.0001837222120154,1.07949686516573,0.984894136248454,1.19883449991755,1.01268533344149,0.74711506730815,1.39985810785973,-0.528776961175271,-0.654307943075414,-0.389855792210851,2.7472611101337,2.69641352645341,2.81795369282163,0.0366304325981698,0.00025,0.653182793992211,0.00025,"metaT",1
67,96.0856132381836,827,0.0004833953690723,6.66666666666667,3.68256846106,6.73400673400673,-0.121185916863485,-0.190888500796137,-0.00421414847750004,-3.04594196425489,-3.0979091990169,-2.7055952168566,1.99288398619324,1.58669262472069,3.00865390372505,0.0546634856343827,0.00025,0.631485233375916,0.00025,"metaT",1
68,95.2282538924167,484,0.0005125051250512,1.34789248228982,1.05595567763528,1.77820065677685,0.245645860688694,0.0321418411132471,0.587821679769499,-1.20899865417539,-1.46248377960003,-0.954380111080703,2.13027203501292,1.93749658479285,2.53789886381614,0.0515706241601949,5e-04,0.307548579929698,0.00025,"metaT",1
70,68.9168745362489,669,0.0002020944332169,2.39837645190329,1.95130301160417,3.18370427544526,0.977893293755036,0.640709056500865,1.46388806271133,-1.40391683242962,-1.63629639170915,-1.19373031879277,1.80866694286982,1.74442079894209,1.90728574874605,0.0293926034170182,0.0705,0.140514157449507,0.00825,"metaT",0
72,217.685015611141,488,0.0005603182607721,2.22732523353671,1.63844403479277,3.56745526991348,-0.0509598328028559,-0.182104333509237,0.144867246860805,-1.69819480726721,-2.01891483679016,-1.4369012245645,2.38214463183079,2.02426378937837,3.29437381645816,0.0244450978690954,0.4875,0.0378193510134515,0.55325,"metaT",0
76,87.3829059256201,519,0.0007531254707034,1.8857814260207,1.48897718857546,2.56299636123106,0.705563405135026,0.393762998400731,1.22211807584998,-1.25148268029457,-1.50196276064584,-0.999998719562322,1.88337549585119,1.78645613470803,2.04589560205471,0.0616163724317143,0.00025,0.502291302411027,0.00025,"metaT",1
78,135.014930051916,374,0.0035810205908684,2.91142445793613,1.26638234410167,6.73400673400673,-0.0608382760761726,-0.199695977093747,0.195977551079257,-2.03167072223173,-2.51433751398542,-1.49574986068268,2.06521805499664,1.69544228323872,2.92139499995971,0.0187609472483854,0.9545,0.0223792134065618,0.8725,"metaT",0
80,1382.88265803593,8077,0.0012678288431061,0.626882861463562,0.590066456101388,0.667655707822822,1.20547635424265,1.00581815907465,1.47546698392785,-0.490967581039035,-0.571821604869828,-0.401946854695233,3.15556287303768,3.1296166176281,3.18752557020781,0.0544246477432055,0.00025,6.75501275944084,0.00025,"metaT",1
81,151.557969583847,1005,0.0009026900162484,6.66666666666667,2.53409589401982,6.73400673400673,-0.351524413512377,-0.397631253018935,-0.276652611358105,-3.14065707839468,-3.19329415314708,-2.62174022185998,3.12521150446806,2.35185139284398,4.77934932841615,0.0446733191019574,0.00025,0.343239847285394,0.00025,"metaT",1
82,290.386039811834,1462,0.0012327922745017,2.2368602034574,1.80286908092722,2.89140327599555,0.0236577943844727,-0.0686184663140424,0.142859337052619,-1.74885658609791,-1.92435383000797,-1.57893258797702,2.69995221084463,2.43704046205828,3.41008183395514,0.0191970482577178,0.085,0.101333918924891,0.03025,"metaT",0
84,10786.7749631666,41643,0.000482346131584,0.944084588113583,0.925249008772199,0.963634224267001,1.23343475089894,1.15213630335475,1.316708197501,-0.48562232996328,-0.51489421743311,-0.456362357893487,4.01976210726513,4.00914853400464,4.03212096351904,0.0310256612495872,0.00025,13.7907936872371,0.00025,"metaT",1
85,14459.0222987978,31165,0.000728491294529,0.85087860990957,0.831927329189928,0.869329049270932,1.52987395602101,1.41307836157756,1.6665904013074,-0.109637745878639,-0.145810762617788,-0.0708178687669807,4.13182593298325,4.12151053052099,4.14277442796505,0.0535536590212706,0.00025,25.0944110812533,0.00025,"metaT",1
92,252.63299542201,4780,0.0008348639171814,6.66666666666667,5.38325212744456,6.73400673400673,0.354902923072703,0.303867173116809,0.434867715865775,-2.574728238632,-2.59819397824118,-2.44704872164976,2.36203828669641,2.2817153780325,2.55307250831743,0.0269636759885845,0.00025,0.891021455185164,0.00025,"metaT",1
98,69.0760264193212,304,0.0044642857142857,1.92706259522252,1.11899828608504,4.2548229801609,0.210150482618768,-0.029787210602264,0.694142625737893,-1.38610675839648,-1.88991976164561,-0.93658193220948,1.9469804463314,1.72589604621415,2.44540648992118,0.0421740781519276,0.06825,0.104400399309033,0.02575,"metaT",0
100,389.827435153163,3782,0.0011429758935993,1.43973358352936,1.32347651524522,1.57729617888174,1.2644757154524,1.03616191535872,1.53664505303378,-1.04137747554998,-1.13832953249083,-0.945732810725388,2.59496524956236,2.56762742578144,2.62884831645975,0.0255284508809644,0.00025,0.887228948125524,0.00025,"metaT",1
102,430.101872846191,1649,0.0005782644837182,1.33397060091125,1.16339234826076,1.54414615523293,0.207364507848723,0.0853974453248687,0.367459002426194,-1.21058118138816,-1.34552684292389,-1.07297104394333,2.73465764968804,2.57110205450147,3.10898530670522,0.0243419836132122,0.0025,0.146864943803805,0.002,"metaT",0
109,97.3296216099872,1115,0.0002755833180231,3.53117362475177,2.74380619601166,5.08740008859168,0.186382077933784,0.0672719548449527,0.337726972888687,-2.12944326589816,-2.35943936989345,-1.942895842889,2.09539997772897,1.92105631203728,2.5028416551779,0.0319874272123619,0.001,0.288690289891133,0.00025,"metaT",1
110,62.5613463194493,593,0.0007228306046478,1.98151601901266,1.52307128839224,2.71632949374765,0.395368226420208,0.180431846014305,0.74652185488674,-1.58372399922105,-1.82350152422832,-1.33231798036125,1.86193531970674,1.72087790338619,2.151513757718,0.0320024087754944,0.0455,0.0880879622485307,0.06125,"metaT",0
111,175.885687588592,834,0.0003975568325562,2.99423276505903,2.31821820834726,4.40775846876597,0.261886579178493,0.107238065873326,0.465432803745489,-1.87161994188456,-2.1226962478995,-1.67492254788248,2.04784384035049,1.88778801241111,2.41186079538025,0.0202406805967873,0.3895,0.0513663901729111,0.33075,"metaT",0
122,222.671768343372,3076,0.0014546965918537,2.89266620467524,2.48137333286781,3.44268087679912,0.601756025576548,0.4800320480078,0.752623668795519,-1.78569362307401,-1.90817857808574,-1.66956821586874,2.38013803924575,2.32415705614534,2.48183698644886,0.0182720942304229,0.00325,0.181423415707162,0.0015,"metaT",0
123,989.411209441627,8147,0.0003490722028293,2.16142058897694,2.01439537786728,2.33496177445821,0.371910891758973,0.309646548905533,0.440978840648657,-1.64656284729906,-1.70897592230559,-1.5864571723441,3.01802336029678,2.9466776992929,3.19608777435565,0.0139362337273081,0.00025,0.339222761747653,0.00025,"metaT",1
124,222.492708185548,2463,0.001364594963404,1.31221361114484,1.18042818225548,1.46386901893616,1.75889856849873,1.37766630195495,2.31722612937842,-0.912921108441717,-1.03888713979027,-0.770207845964685,2.35456089950501,2.32638882652537,2.38327892704254,0.0252456505501187,0.00025,0.370493109051139,0.00025,"metaT",1
125,206.732078613746,2928,0.0008277522763187,2.33821829762702,2.08108493444804,2.66567471135218,0.961602411653286,0.792095026894832,1.17507258330956,-1.5089843021591,-1.61711869767587,-1.40145822313121,2.34250457643171,2.30641310802578,2.39531327543529,0.0175494814438855,0.0065,0.130893444493281,0.01125,"metaT",0
128,31.3131751533027,749,0.0006213258136978,1.71255728449501,1.44373985013086,2.07720212836721,2.65513379805393,1.75620544981568,4.72840659433531,-1.19277826289519,-1.4162975703987,-0.904658849092296,1.49174912115285,1.45552859437142,1.53190367835998,0.0145932785472264,0.92625,0.0195241211241256,0.94675,"metaT",0
131,182.654488034287,415,0.0041968714231209,1.99831880218513,1.23445830132685,3.7101050223524,0.238513100746619,0.0229929692667311,0.641092681382359,-1.42390531464233,-1.82862314294996,-1.02732320135374,2.02762625481341,1.83859911515612,2.42024234566368,0.0287877147227451,0.32,0.056462802405177,0.21125,"metaT",0
132,76.6656742423763,620,0.0023197715917202,4.26847890058126,2.8182965036895,6.73400673400673,0.31184119668434,0.142880669936441,0.562100067329883,-1.91993168003163,-2.19560597311228,-1.63372752675578,1.96325035151774,1.81154250169754,2.29563882254015,0.0252153725225902,0.2735,0.0614981331858036,0.2295,"metaT",0
135,5.06559643502433,207,0.0005235053921055,3.92383094445566,2.40540592954556,6.73400673400673,1.30022329766492,0.724398667397462,2.84057912456303,-2.10491271841326,-2.50089986539806,-1.6370848785058,0.687555155534069,0.601744657795343,0.794279643126604,0.0402352373829705,0.3635,0.0567542484580903,0.28825,"metaT",0
136,120.813581640208,787,0.0004655011896141,3.6593459666558,2.71043171694303,5.69939174110567,0.276603347187394,0.126538817251386,0.482425623663726,-1.79613349508955,-2.06719662042316,-1.57868159605265,2.16462639076189,2.01341937564952,2.52425590362771,0.0237652775568536,0.20325,0.0792471724590676,0.10975,"metaT",0
137,158.618524997633,672,0.001401214385801,1.44902720126235,1.17606953510306,1.87264988945653,0.439785129927544,0.20945644333928,0.803145937037343,-1.0789296686339,-1.30469675906577,-0.854490197078032,2.24808627726141,2.1198394756543,2.51856749415838,0.0307105097784373,0.03525,0.0780103047400149,0.0805,"metaT",0
138,85.7054546912975,558,0.0048096192384769,3.21909519018113,1.86453416745642,6.73400673400673,0.302026781839733,0.108275772685918,0.620540075978603,-1.79468853818239,-2.21208340640141,-1.43474003896988,1.93691390863707,1.77501887015884,2.29478249936743,0.0303811115752919,0.094,0.0890891071191433,0.047,"metaT",0
142,49.0564719589552,506,0.0005125051250512,2.48549297378097,1.90390366488303,3.5982222101629,0.840383667342493,0.503123589002195,1.38823099654962,-1.67205379160105,-1.95525780387527,-1.42016290165531,1.49943866848331,1.41603273905914,1.63574654522117,0.0383939056813201,0.01475,0.141608023037315,0.00725,"metaT",0
143,65.1976659881634,520,0.0009827247336298,3.61692801669272,2.5392519673443,6.29872875463122,0.490613493866258,0.256117548673214,0.833208530006057,-1.76921502765211,-2.10078854162149,-1.49460126155632,1.79889310443806,1.67454266917311,2.03947047262701,0.025281214305011,0.39125,0.0476651871403983,0.37975,"metaT",0
144,22.1083874358046,579,0.0008267879288962,2.45699264599824,1.91149078847948,3.38180141892443,1.52343655381113,1.00184720613442,2.46817189281729,-1.61768730476404,-1.87338379645563,-1.33995136666281,1.35195528690346,1.2994981438305,1.41554857876171,0.0508384699457607,0.00025,0.233582689412758,0.00075,"metaT",0
145,238.270901549518,1761,0.0006325777543489,1.44252125284155,1.25359273713754,1.68885632065868,0.335286250474348,0.195790244008331,0.50713943791685,-1.44615148840603,-1.58718333144936,-1.30560994748765,2.4038252880367,2.28943513982044,2.66507387960766,0.0308847683823015,0.00025,0.404393124577921,0.00025,"metaT",1
146,82.347994659022,666,0.0006138892441488,1.84587111982055,1.49071485271634,2.42115511210262,0.491495467238507,0.272763546017101,0.833416180049981,-1.38631004024554,-1.60107905097277,-1.1714480804745,1.99258420619474,1.88205704269257,2.21524273806649,0.0270519636185701,0.12825,0.056932975613513,0.24925,"metaT",0
147,72.331813560975,602,0.0008534243652656,2.33743897333743,1.82738511461648,3.25799975188923,0.644021871548969,0.371138919101775,1.06393562262099,-1.42672416891382,-1.67817404742999,-1.19577905995199,1.90465397882904,1.80871401948155,2.0809455363974,0.0323215557272088,0.0495,0.0731520461797288,0.13475,"metaT",0
148,72.7236405044956,638,0.0007531254707034,2.22592446570471,1.74922642823751,3.00541391024395,0.726358132645324,0.441987519696336,1.16896468079831,-1.40030515932778,-1.63823342155512,-1.1747583275874,1.8855060067936,1.79664109685537,2.04301258116789,0.0296633841635043,0.0775,0.0797185790706449,0.0985,"metaT",0
149,77.6500789750258,971,0.0006981444056586,1.36701700338143,1.14744129931722,1.66110095226906,0.912299273194707,0.598201523451374,1.41532085413301,-1.29225663499001,-1.48127733616275,-1.08637952976929,1.86985361981267,1.80411474904249,1.96265903284035,0.0135952297306375,0.8685,0.0244417942686483,0.83675,"metaT",0
150,82.7766146017022,727,0.0011246221972306,4.22198019383631,2.97229757466092,6.73400673400673,0.363094271534768,0.189713265032933,0.60055735113999,-1.90289585203195,-2.1743141660093,-1.65713996151266,1.98910099477936,1.86012356898943,2.24899012553729,0.0253276291913211,0.17125,0.0752898178982173,0.1295,"metaT",0
151,103.440414928881,516,0.0032855436081242,3.68434925406362,2.13612158590452,6.73400673400673,0.0116900272551277,-0.121624477866102,0.210173734132163,-1.90546402885641,-2.26015871968087,-1.55356445126825,2.28501544782362,1.98565154083537,3.02225786765938,0.0312411714160032,0.121,0.0988933270970514,0.04275,"metaT",0
152,427.798306723362,1734,0.000362056480811,1.38752359096621,1.23863669082154,1.5733000572332,0.655174200633384,0.469910873624906,0.90164745381041,-0.900888821358828,-1.02544987260798,-0.774223428691833,2.65832521925101,2.59065604432825,2.77452398323887,0.0481400502005109,0.00025,0.842114766431693,0.00025,"metaT",1
155,18118.9986293167,45131,0.000724112961622,1.70577456835432,1.66264967232066,1.74998819302312,0.536953511092105,0.503142975719646,0.573634554609547,-0.86046442580159,-0.88512213585915,-0.835115994527965,4.29474824226677,4.26781800529249,4.34872947129499,0.0116438855955224,0.00025,1.7835349338784,0.00025,"metaT",1
158,922.986073513483,8855,0.0008221430528912,6.66666666666667,5.61300821033297,6.73400673400673,0.160326137053471,0.129503113636586,0.205723338839656,-2.53578601550243,-2.55466994854155,-2.4397499804261,2.94722612937583,2.82075677848377,3.284397134038,0.0214855766087908,0.00025,1.1533628727956,0.00025,"metaT",1
168,57.2426516901831,307,0.0022039377020276,6.66666666666667,2.09715237154839,6.73400673400673,-0.102142599452596,-0.21190010222162,0.141902266488647,-2.59849251631301,-2.67797569551958,-1.92731185260106,1.86437305821992,1.44931782760692,2.88676188207643,0.057501328471379,0.0075,0.211651191762063,0.00225,"metaT",0
173,8405.09350755121,84532,0.0009797198001371,5.17590675646761,4.93788079107187,5.44587317042076,0.169709658693081,0.155833413855058,0.184234025590326,-2.25231937441809,-2.28177743291844,-2.224303933331,4.10589739761017,4.02467483034597,4.35503008297603,0.00830351824663011,0.00025,1.80630277209343,0.00025,"metaT",1
175,89267.9998087042,40702,0.0010137581462708,1.14275038179757,1.11928600270549,1.16820072578347,0.463884791223564,0.427195554056539,0.503535824168797,0.0132748973567163,-0.0117498024673339,0.0387679335888005,5.00976817588079,4.97640951602314,5.0822909859747,0.00785972606849517,0.00025,0.794622663821677,0.00025,"metaT",1
178,173.52367316691,537,0.0010151302750519,3.98088072217,2.56115773252478,6.73400673400673,-0.114562562551255,-0.219237752314073,0.0330674678985636,-2.08040009193721,-2.39575444441391,-1.7850733915942,2.4812054454898,2.07330935026898,3.44828268643784,0.021415192146361,0.67625,0.0435408370797246,0.48475,"metaT",0
180,678.699972782989,3172,0.000991571641051,6.66666666666667,4.75586686330866,6.73400673400673,-0.0496363816587128,-0.0896549370816558,0.012600545919081,-2.68336302062431,-2.71228519500604,-2.49178062573051,2.81171158502537,2.5200281237741,3.60371575040215,0.047567341025389,0.00025,2.69255830085304,0.00025,"metaT",1
188,44379.0463901866,137126,0.0005175447676223,2.0446639516696,2.00598095842622,2.08190687316947,0.0681165337514713,0.0569950345527657,0.0798555060829084,-1.43779285049201,-1.45252810161683,-1.42202043876817,4.96410230265078,4.83849662610708,5.3547516231747,0.00797215331323309,0.00025,2.15386419644128,0.00025,"metaT",1
189,2602.31392410623,16657,0.0009004640853362,3.77684790331821,3.5209175705057,4.06461515303671,0.603782565900083,0.55180404296467,0.659249657467077,-1.59799404428986,-1.64887807458523,-1.54862699150731,3.41779627886951,3.38852861346999,3.47232572458933,0.0101062459246383,0.00025,0.50330433180402,0.00025,"metaT",1
191,4290.30999061728,21556,0.000628413979794,0.915903206822249,0.880472335779654,0.953337363935883,0.176757736543837,0.137033208063334,0.220871732271904,-1.15029625610164,-1.19065140324117,-1.1082712521649,3.8420200334808,3.73126859627277,4.15910228348225,0.0419232682399068,0.00025,13.6550684774629,0.00025,"metaT",1
193,4650.24551167058,24154,0.0009222256378727,2.60595242212472,2.49368027157789,2.73021875111279,0.793270628101777,0.738933520383995,0.851742908888667,-1.24217401465693,-1.27996846182344,-1.20587737740795,3.65699831584828,3.63854775603112,3.68521727323821,0.0146954121196892,0.00025,1.96297240530674,0.00025,"metaT",1
194,11679.3565148861,63614,0.0011786135219115,1.02424463688655,0.998504190055895,1.04928793562274,0.290609229164213,0.265492766853649,0.318813005017303,-1.10678684844488,-1.13039214396556,-1.08137205776958,4.23482124635747,4.17874445281078,4.37180864301495,0.0411384642746958,0.00025,33.4840544750078,0.00025,"metaT",1
196,23435.5636521918,40276,0.0007323081019905,1.14137911246121,1.11533347949076,1.16833235657668,0.521304556958988,0.481630892247364,0.56466594411034,-0.566901049515392,-0.592831134060091,-0.54028256278249,4.37757410636588,4.34693889742721,4.43907261376512,0.0101963539613181,0.00025,1.63258225896495,0.00025,"metaT",1
201,7347.43280827904,31693,0.0007802137785753,2.98272859146458,2.82391111696442,3.16411157050886,-0.108292383589773,-0.124756247575733,-0.0907426104744067,-1.92122383892909,-1.96019701771407,-1.88436979931187,4.58118583998736,4.25875939125383,5.47506619996159,0.0237138082093166,0.00025,5.56648167410051,0.00025,"metaT",1
205,62695.4317036028,167344,0.0003706334743799,1.8872923667147,1.85574563893409,1.91949555138748,-0.0608148711339535,-0.0692320163015379,-0.0522990739629065,-1.50023229017189,-1.51412554289305,-1.48632730770112,5.40778927083829,5.16680130899854,6.08245085240719,0.012884071706558,0.00025,6.14190348080943,0.00025,"metaT",1
206,5259.10842927081,11082,0.0011385984887692,0.948740399286436,0.907585907753964,0.988638672249174,0.949378513028091,0.830036254262581,1.08396713974034,-0.347197933479756,-0.399856512053194,-0.289253673821022,3.69965276056573,3.6741982209029,3.73419334608307,0.0344425628834428,0.00025,3.2235906135847,0.00025,"metaT",1
208,211.942088597499,1394,0.0010474494605635,6.66666666666667,4.00528382870204,6.73400673400673,-0.196902314248683,-0.244172882242089,-0.119317705260147,-2.66435051800643,-2.70486956381564,-2.3797458992349,2.93764065003808,2.44204056257956,4.15507330969257,0.042739540825086,0.00025,0.508379715569719,0.00025,"metaT",1
209,8435.96418055742,17171,0.0012402331638348,0.892212348374678,0.858308840129143,0.927282791767626,0.515315189171907,0.448801637048143,0.587231213872359,-0.55685061318101,-0.601619928357684,-0.511155093029373,3.91828821725516,3.87649486175874,4.01057341533329,0.0373328014886352,0.00025,6.90849289605482,0.00025,"metaT",1
210,1477.78759062359,5096,0.0016414970453053,0.665411538779497,0.614240719596081,0.723419681500439,0.753109343364529,0.590950774266333,0.970062316231053,-0.506761617626405,-0.60091793985307,-0.405829697282725,3.16512458440957,3.11893409136013,3.23903026651577,0.0480219820940487,0.00025,3.25911923874066,0.00025,"metaT",1
