"station","N_10","S_10","nmin","zeta","zeta_low","zeta_high","alpha","alpha_low","alpha_high","logk","logk_low","logk_high","logN_mean","logN_low","logN_high","KS","p_KS","CvM","p_CvM","data","subset","rejected"
7,13.8528738523629,375,0.0005382131324004,2.30341215060247,1.71907018256936,3.43776366565986,1.39770695539856,0.831212706084657,2.58051362815158,-1.66589767323265,-1.98631454966026,-1.33138404700871,1.12396925597562,1.05544579360218,1.20796501263993,0.0425114750091277,0.027,0.118586062617529,0.01725,"metaG","core",0
11,9.45073872145217,137,0.0026905829596412,1.85171312076233,0.865044311878952,6.0836828815143,0.811346185903493,0.233449797331453,3.80207161614895,-1.49982274203072,-2.24941763848829,-0.659824380484572,0.994771178410488,0.84717578452332,1.24327894327521,0.0465330504900818,0.39,0.0532686824696731,0.2685,"metaG","core",0
18,13.1172036906831,376,0.0015292645627693,4.29828148281149,2.78541873317292,6.73400673400673,1.45722067598956,0.963431739570532,2.49125634756078,-1.95225751406218,-2.26762630435781,-1.58490743820711,1.0909103139092,1.03268341682334,1.1655309689078,0.0287111703759343,0.4465,0.0337574784022508,0.65275,"metaG","core",0
22,17.1899615648353,485,0.0009274717121127,1.63642854983211,1.28241153166229,2.16542296005696,2.40290498541961,1.44443709029616,5.33188676370633,-1.2813492969746,-1.57812332345336,-0.867557351810708,1.23968693142623,1.19039006651401,1.29168837019598,0.0514022837617174,0.00075,0.327413129802926,0.00025,"metaG","core",1
23,12.12044335653,471,0.001262284735371,3.02322504235273,2.20256947848211,4.68684848737349,1.99342366377593,1.29736045961609,3.46194805033455,-1.77333633887827,-2.10086707996268,-1.43010646740367,1.0811443889824,1.03578477186067,1.13274683353807,0.0249650735465366,0.478,0.0679205199492359,0.1495,"metaG","core",0
25,25.037487170318,488,0.0008325701440346,3.89220054333689,2.63903490545198,6.73400673400673,0.519972714666689,0.283192381680789,0.876702542839123,-2.10970139680109,-2.44068894973302,-1.81849127906974,1.43720549545788,1.32228071942728,1.64478846107417,0.0455884354545946,0.0025,0.158124643576935,0.0035,"metaG","core",0
26,17.9610935669196,462,0.0017344686218858,4.71132670110393,2.90149470143758,6.73400673400673,0.933417571749659,0.625419263769695,1.53258407599559,-2.10421375337814,-2.35371450440578,-1.75163976466173,1.26072086452006,1.1880161558975,1.36651974410447,0.0321766602365277,0.149,0.130217122715556,0.01425,"metaG","core",0
30,17.0164784090456,423,0.0012893521005694,3.93151005584188,2.76549665187575,6.68611195761135,1.65332001759583,1.09845054649182,2.72117581528517,-1.78243012006377,-2.12366161259174,-1.4508414972277,1.21847477609705,1.16619591802032,1.28120317377983,0.0289812944337517,0.34075,0.0811832515552714,0.096,"metaG","core",0
36,85.7836481841334,776,0.0004426606858289,2.63339578749294,1.94797378101617,4.10967989348884,-0.0470433307907978,-0.152275352333613,0.0972459665789721,-2.24600722281702,-2.52433233887214,-2.01565546073657,2.13017199642366,1.80105542091935,2.93722967634286,0.0333429262039846,0.009,0.160278725343589,0.0035,"metaG","core",0
38,9.42852422457682,260,0.0037926675094816,3.50792224225561,1.80220571313097,6.73400673400673,1.74070144286305,1.02010020134609,4.48432326802749,-1.75332975070073,-2.20047618525967,-1.12412924901904,0.972293241004509,0.908070667560109,1.04868163735545,0.0334880133211714,0.4615,0.0402156945549006,0.4805,"metaG","core",0
39,23.377578636684,611,0.0002020944332169,1.84769793885547,1.5124535724044,2.36457051461857,1.25937261404725,0.813667052346754,2.01260247560741,-1.59365660718367,-1.82356597137594,-1.35496988436952,1.35825968461936,1.29828313732734,1.43875763335555,0.0248604769330313,0.29725,0.0446059968704622,0.434,"metaG","core",0
41,16.5266377361764,357,0.000915827158438,6.73400673400673,3.43891175783147,6.73400673400673,0.337275247559815,0.174223022644252,0.693091188206774,-2.57862406892042,-2.64584452700772,-2.14895069367117,1.22708811295852,1.06171558566496,1.57795220834501,0.077828260373622,0.00025,0.496834253217167,0.00025,"metaG","core",1
46,10.7340469746813,484,0.0008202410246703,3.54438684499566,2.49806667341978,5.9062847430321,1.30076007857529,0.850416663165092,2.09305322081581,-2.08105075771503,-2.42509547034009,-1.77209495384203,1.03857336787674,0.978697720293258,1.11179518430482,0.0452160949949185,0.0015,0.193635145323559,0.001,"metaG","core",0
51,8.78971991926293,297,0.0010744600838078,4.6395403281341,2.9298451430139,6.73400673400673,1.60355439179935,1.04238332567965,2.96972651069188,-2.02064864283871,-2.3140898077413,-1.60490161959763,0.912781657005836,0.851240568194778,0.990164720819738,0.0257465451911592,0.80475,0.02446577435042,0.866,"metaG","core",0
52,13.1856081341647,525,0.0007077641729775,3.2523901265338,2.45382708636222,4.76109421186621,2.01334822202811,1.35101321960198,3.29187490807217,-1.82915579741379,-2.11816626891232,-1.53418274308785,1.09914950073589,1.05498508180934,1.14782311109362,0.0534412887828227,0.00025,0.328376661425251,0.00025,"metaG","core",1
64,34.2625662951045,1230,0.0005317349059796,3.62306253220637,2.95280850092882,4.74415147258361,1.18344405537249,0.897541049696562,1.55869847643011,-2.02710545536471,-2.22326561948374,-1.85210237977836,1.54783022744214,1.50671940317437,1.60105794161157,0.0463182719330847,0.00025,0.628578059926374,0.00025,"metaG","core",1
65,50.6091401055427,1378,0.0006787463849377,2.82491454737407,2.31312884601224,3.60417681872157,0.713118006183092,0.520112096359908,0.968721338519034,-1.97284367142035,-2.14482578661451,-1.81040943522318,1.76114901971087,1.69585558580332,1.86751307834608,0.0291001530057219,5e-04,0.292478867263405,0.00025,"metaG","core",1
66,54.7704137613081,1124,0.0005059814232534,5.08778527491472,3.55407845124914,6.73400673400673,0.087491309432949,-0.0106595156773894,0.216397991924543,-2.63226703580306,-2.81064024501042,-2.40433440669914,1.92109725154028,1.70119910061862,2.51514927903274,0.0322249536868672,0.00175,0.240352283500495,0.001,"metaG","core",0
67,29.5290867077486,1167,0.0008810572687224,6.73400673400673,3.41854501610419,6.73400673400673,0.155402579467132,0.0719758677098489,0.311068395757404,-3.02244537753211,-3.06619435783067,-2.64268464030443,1.55143592019649,1.37289581056937,1.97634666634395,0.0886058331831495,0.00025,2.41952349654534,0.00025,"metaG","core",1
68,11.3846776237544,382,0.0002586117720078,2.22974917453037,1.70097300651888,3.2096436169201,1.39667404208092,0.828884007967957,2.51496850276276,-1.74809961453431,-2.05437278212873,-1.43365760146656,1.0363649027355,0.967150468426587,1.12320086438204,0.031161139103337,0.283,0.0567769285570401,0.255,"metaG","core",0
70,16.3060242858285,601,0.0010210332856851,2.39506805890159,1.86084400697644,3.17668004945645,2.62841216603978,1.7447419771622,4.7426591708344,-1.54126345545598,-1.80686226295831,-1.20977374572724,1.19832554091569,1.16127319204435,1.23776396733265,0.0246412114507695,0.3235,0.0720292551309539,0.13925,"metaG","core",0
72,11.4621968501284,343,0.0008965092172353,2.78194749239057,1.97489093865495,4.39737870880818,2.07964642926835,1.24886735392221,4.15532134119669,-1.63359464530143,-2.00116505089991,-1.23578985708778,1.0275434872915,0.974243460900158,1.09146788773639,0.0294354143716422,0.46975,0.0520066276757476,0.32175,"metaG","core",0
76,21.8324973157263,383,0.0009037505648441,2.12469465220366,1.52690565749245,3.26747327848917,0.693246890573529,0.352660710702529,1.3108414365455,-1.65700602524099,-1.9821903006465,-1.34688395455499,1.40342571082883,1.29616842898083,1.56344129258614,0.0412429157169435,0.03,0.167518037290851,0.002,"metaG","core",0
78,9.13758984650331,285,0.0007077641729775,1.41355929325829,1.09635250067103,1.91664962378687,6.01226048260029,2.65183579319495,175.307539805025,-0.866866676038569,-1.32169146653826,0.669505565376692,0.961901745036631,0.91162653056998,1.01237808551609,0.0650842169996291,0.00075,0.222270409267684,5e-04,"metaG","core",1
80,121.533721316831,5574,0.0004960499724416,6.73400673400673,5.80790254635282,6.73400673400673,1.84377072286174,1.72428319551731,2.06224660311514,-2.31327757837059,-2.3334180421669,-2.21128074326018,1.99544979280269,1.98220078488275,2.01047357475645,0.0906989924552681,0.00025,13.8473380003194,0.00025,"metaG","core",1
81,24.6453977809964,1821,0.0004092594960992,6.73400673400673,4.86936626437084,6.73400673400673,0.880952998213131,0.757579929559739,1.10845004059237,-2.91633957860789,-2.94981878721584,-2.70831172877366,1.22550856327074,1.18144418015894,1.29095218048344,0.121179002905322,0.00025,8.27889793477874,0.00025,"metaG","core",1
82,79.0133557428349,1272,0.000671727010143,2.00291918310167,1.65286417759991,2.51935270890681,0.361865917761873,0.208780374130599,0.567577770556125,-1.81417554251334,-1.99070481522493,-1.64685133168724,2.00557089603474,1.88895781559202,2.2705658377669,0.0204860799608891,0.08925,0.11516943833874,0.01725,"metaG","core",0
84,296.91038219626,13389,0.0005511666360462,6.73400673400673,6.04586156305365,6.73400673400673,1.32981159937552,1.27129766484124,1.43105134457111,-2.54455807817374,-2.5570941939778,-2.47556328737561,2.28678508714454,2.27491674060085,2.30012636313999,0.0638131473493765,0.00025,18.1621515271366,0.00025,"metaG","core",1
85,412.557101945627,9979,0.0011023148612085,6.73400673400673,5.63839138748749,6.73400673400673,0.643096464049618,0.600245759862741,0.716618444295945,-2.6369639918238,-2.65016422735754,-2.53446056088695,2.3805312632364,2.34868396084906,2.43754064449311,0.0647551292974294,0.00025,11.9298836649956,0.00025,"metaG","core",1
92,76.5861851400878,4018,0.0004593055300385,6.73400673400673,5.60012724172875,6.73400673400673,1.44174316782264,1.33342386215875,1.65240499604052,-2.50344793570812,-2.52613608353045,-2.38320746855609,1.76967908397691,1.75033733771264,1.79305352111649,0.102637988491719,0.00025,12.8789055594661,0.00025,"metaG","core",1
98,10.204116116644,182,0.0025239777889954,6.3280193946734,1.75509677131169,6.73400673400673,0.142037694762343,-0.0534031070635492,0.684419362822945,-2.47780312857976,-2.61299933355996,-1.68411690062662,1.23194260153242,0.957603213405248,1.83560926480742,0.0627755142071019,0.0405,0.124197618783175,0.02825,"metaG","core",0
100,111.754858935992,2150,0.0009030024832568,6.73400673400673,4.90146819345361,6.73400673400673,0.37087022113096,0.299574464713869,0.49713840104598,-2.56877150448456,-2.59621846560639,-2.38195928775211,2.00523035795901,1.9091005368411,2.22165914295597,0.100739931858929,0.00025,5.60349704008738,0.00025,"metaG","core",1
102,103.337661553671,1130,0.0001837222120154,1.98807644529807,1.64242992691289,2.53890018457462,0.00769604158200954,-0.0924917289826709,0.134129989491948,-1.93737090252652,-2.11675872686421,-1.77450004290277,2.37260729786692,2.0909410131627,3.10192243383886,0.0484737804213866,0.00025,0.713568196709546,0.00025,"metaG","core",1
109,28.5562726550884,1083,0.0007141764015711,6.73400673400673,4.68111097920241,6.73400673400673,0.962986643559836,0.801143904190166,1.27981671027135,-2.42661958082003,-2.47078574796031,-2.18601725531908,1.45086567688883,1.40111869635009,1.52033336754817,0.068272498031946,0.00025,1.14266796480726,0.00025,"metaG","core",1
110,67.8044665403103,1213,0.0009184512012374,2.91225404103233,2.3006131658973,3.88259853278828,0.476467808125525,0.3074618556548,0.701441693016504,-1.96216466455857,-2.16220055887933,-1.77858382268473,1.89412876904038,1.79751675558719,2.09290703879792,0.0338580467138124,5e-04,0.437883178218959,0.00025,"metaG","core",1
111,35.6815350993849,842,0.0012648958125291,3.96111421680846,2.82282659909376,6.49487903270176,0.585379891082912,0.377053407459771,0.876583278310454,-2.14660490040704,-2.43754973238188,-1.89936156675883,1.60049684220058,1.5129775820396,1.75499019874888,0.027141547979017,0.05125,0.123258141412628,0.01525,"metaG","core",0
122,205.78803167703,3063,0.0003397473515149,6.73400673400673,5.19258966714306,6.73400673400673,0.220073536050431,0.164459228992845,0.309904342891838,-2.58032637312325,-2.60443567754888,-2.42750936219155,2.33480820570115,2.20540111401095,2.69549667612853,0.0842739902625166,0.00025,5.16194197210559,0.00025,"metaG","core",1
123,117.553190783246,3981,0.0003088612286499,6.73400673400673,5.42208008819629,6.73400673400673,0.521818267475447,0.462830732504179,0.626481172567459,-2.64680098836962,-2.66716853468152,-2.51803408849324,2.05999669807812,2.00229488322727,2.18101794763734,0.0506899270832464,0.00025,2.05855596538578,0.00025,"metaG","core",1
124,80.6637402026906,1150,0.000539374325782,6.73400673400673,4.35098995286792,6.73400673400673,0.0354597504570766,-0.0330811252719664,0.156550226691347,-2.61300986448784,-2.65119101661798,-2.35142694379544,2.17464809174339,1.91968306332837,2.79780419258842,0.0353060661212082,0.0015,0.392258214076675,0.00025,"metaG","core",1
125,127.17661497386,1670,0.0004941779658399,4.32085734210365,3.37068678029066,6.20997311293281,0.205516680755958,0.107497049043263,0.32874066701415,-2.24580670283502,-2.45651749009349,-2.08057847318627,2.21991075678352,2.06879184145087,2.59489447428739,0.0147234191286107,0.38425,0.040060525604539,0.55375,"metaG","core",0
128,25.8402388379736,618,0.0013157894736842,5.42217179566348,3.0665927291338,6.73400673400673,0.238080463622451,0.104623145691454,0.471360480120315,-2.50954003035717,-2.67368389765187,-2.15472797544142,1.56319487175607,1.39190074793074,1.9464078951406,0.0367071677536045,0.02025,0.189599654500206,0.00375,"metaG","core",0
131,20.8434194584584,237,0.0014788921753159,6.73400673400673,2.29435976892427,6.73400673400673,0.0401474277909559,-0.105398998502617,0.388849342664754,-2.6775356104998,-2.76359880123648,-2.01826013803967,1.34121650706289,1.02400978999695,2.11778508573561,0.063832293384926,0.01,0.196933554847981,0.00225,"metaG","core",0
132,21.3671999087936,527,0.0015410479125805,4.37309995343897,2.86209892368929,6.73400673400673,0.861376010441472,0.569842720943127,1.35545706413731,-2.0881830781652,-2.37070871463168,-1.77947656204278,1.33738510770551,1.26136832347403,1.46167067121244,0.0362733174505926,0.0285,0.0932682272276456,0.05975,"metaG","core",0
135,12.8310877333536,450,0.0014090460758066,2.28319013057785,1.56075735268745,3.65942954401393,1.33109260074832,0.816636980755124,2.51135660462397,-1.77449707576192,-2.12872267500008,-1.39802363260741,1.11529406164013,1.05215219696697,1.19131823120448,0.0314036012223654,0.16,0.0623624008998003,0.17875,"metaG","core",0
136,25.0916667950686,632,0.0008673967255773,3.4404718542429,2.43402363170115,5.6250072975156,0.620728933050104,0.374785429358211,1.0010766416627,-2.11119286532994,-2.43047160672494,-1.84341011122316,1.42471830645927,1.33023119713725,1.58501289317944,0.0267029017648319,0.1725,0.0773940602679621,0.10325,"metaG","core",0
137,22.5286929866673,620,0.0005603182607721,2.05038196685258,1.63109636623744,2.71779050089924,1.31602377584578,0.853407337881845,2.11914434137568,-1.63609308408275,-1.87096185548746,-1.37973822600998,1.34903681195802,1.29101755486352,1.42288356532385,0.0261005295426532,0.20625,0.0999065395993442,0.037,"metaG","core",0
138,12.9272411437977,435,0.0008534243652656,2.53790004137717,1.90607771268369,3.73793238307798,2.05545608645648,1.30510600651803,3.81597939785234,-1.65112096955877,-1.97147491837568,-1.30355057621903,1.07904416246578,1.02976592271539,1.1334022190486,0.0344883309070761,0.0925,0.0638386748741288,0.182,"metaG","core",0
142,9.48429717692778,363,0.00023883887562,1.84898507007959,1.4982936889854,2.38882599125157,5.91834371310413,2.9738641736323,48.460307476254,-1.08480640510603,-1.46244418104819,-0.112461032331031,0.969901717623158,0.929025316263692,1.01065173345479,0.0319558256032298,0.326,0.0603218582946025,0.24925,"metaG","core",0
143,10.5328304534787,332,0.0011676786548341,2.40299088272097,1.73163854959438,3.62935348396383,2.61826524430731,1.5252637060662,6.24743496855067,-1.50764083224141,-1.87500974647173,-1.03880477184848,0.976359496485585,0.925257061856772,1.03073040243447,0.0303002276607548,0.43875,0.048895628941539,0.3505,"metaG","core",0
144,20.9507151461626,660,0.0007687576875768,1.74245726964248,1.4428246633377,2.19321439454705,3.8217505877248,2.38239471555852,8.4149229388073,-1.16209373309926,-1.43585384320749,-0.764137391234836,1.31778808956453,1.2825862441416,1.35415403634126,0.0147778237314128,0.94425,0.0268236299300696,0.80225,"metaG","core",0
145,39.1977235204576,872,0.0008701116643302,6.73400673400673,3.59561011256419,6.73400673400673,0.0312829847377174,-0.0469622001734447,0.178314516542062,-2.86713236338343,-2.91433398406871,-2.51175145296012,1.8016830961137,1.52956358530156,2.45497867612603,0.0441060198342685,0.00075,0.321763513756427,0.00025,"metaG","core",1
146,20.910771914466,563,0.0006074596039363,3.07292588439675,2.28250779637313,4.63666498727058,0.759021057146701,0.462311835280464,1.23323967215024,-2.00909957140966,-2.29307195373783,-1.74805793567445,1.34220787316943,1.25644691270573,1.47730188607312,0.0513963823253419,0.00025,0.262414413142597,0.00025,"metaG","core",1
147,13.5600803084639,468,0.0002939555392246,2.8709449759779,2.18822085644333,4.16877836198934,1.54276746880073,0.992261077374945,2.54233560021088,-1.80203178776158,-2.09038058378132,-1.52130391018459,1.13753937459886,1.08274411756852,1.20356731977448,0.0427241249074085,0.00725,0.180642726854514,0.00225,"metaG","core",0
148,19.4715030428865,624,0.0006797721844571,2.28450771210026,1.80867940327927,3.0257665683164,1.82775025082966,1.22564722466414,3.0252065059273,-1.60109845836933,-1.83744675953759,-1.32611189549219,1.29102025106523,1.24542460230492,1.34308291282216,0.0289379504931626,0.10075,0.0939974304055504,0.056,"metaG","core",0
149,25.6394149830948,1113,0.0007988815658078,6.73400673400673,4.38955592710821,6.73400673400673,0.437849499307477,0.33439518629925,0.635240001307595,-2.7248331075601,-2.76334634416541,-2.46522691942712,1.49124745125014,1.39208153556706,1.69704910742057,0.0391835624257924,0.00075,0.411961343929127,0.00025,"metaG","core",1
150,16.3269812585084,542,0.0004225610876354,2.51178207101468,1.97518567332078,3.4483578401677,1.84265405553726,1.20721380898086,3.04096722393717,-1.66324028574708,-1.92747224419747,-1.38076800761407,1.20484801563879,1.15862534981746,1.25824040897839,0.0326662422243448,0.06975,0.117141736846681,0.023,"metaG","core",0
151,9.12836603244924,326,0.0008376086273688,6.36365848834604,3.83659461272313,6.73400673400673,1.3782699985596,1.02433862257482,2.29394540821953,-2.26797441357362,-2.37371578865498,-1.8811165745905,0.908177860226757,0.845451582367956,0.989895595660201,0.0341182441514178,0.3575,0.069069943051605,0.2145,"metaG","core",0
152,34.0597563906674,972,0.0004859956516178,5.27048212014494,3.56230656156363,6.73400673400673,0.166161796109352,0.0594080483554394,0.323837468888896,-2.61732860424525,-2.78306385790445,-2.37183648882011,1.75337621103371,1.56893835579224,2.21992922630389,0.0590012682525325,0.00025,0.916928339499721,0.00025,"metaG","core",1
155,484.026586895096,11881,0.0001837222120154,3.43004047547457,3.22363441388334,3.65662300978944,2.16482159538686,1.99445370385049,2.36354509219189,-1.72117197205183,-1.77589718773993,-1.66377933307244,2.5535682734407,2.5444734370662,2.56303656439693,0.040420352549656,0.00025,6.17092525384883,0.00025,"metaG","core",1
158,59.2898681731371,3940,0.0011704119850187,6.73400673400673,4.95839576923015,6.73400673400673,1.28308694963752,1.17489994826907,1.50521890862525,-2.73785802976072,-2.76265555218198,-2.55481088982986,1.58243327012986,1.56085896182454,1.60891973988847,0.0836112334674174,0.00025,7.16787584290231,0.00025,"metaG","core",1
168,16.8042893535554,462,0.000705467372134,2.14867469164697,1.63909248374654,3.05501018378621,1.60320438401171,0.994131586274322,2.85142456148713,-1.59261721817349,-1.89418659237036,-1.27921973291389,1.19974542477738,1.1416268268127,1.26830538488389,0.0310965853187477,0.16675,0.0807167765730418,0.08625,"metaG","core",0
173,1665.60788842412,34929,0.0007228306046478,3.88514620890383,3.68459384384324,4.10934868292656,0.511448567496485,0.478634667879747,0.546220338954741,-2.19221237444777,-2.22859174519966,-2.15657313874143,3.22988149768377,3.2008807239543,3.28923382451246,0.0230455082708425,0.00025,4.30880686218263,0.00025,"metaG","core",1
175,1156.44495541803,12487,0.0002895727485718,5.66099717108626,5.151683434708,6.30061230297718,1.24928653651474,1.15688348961971,1.35434780085649,-2.076710729822,-2.14513405792462,-2.01177896335292,2.67575408116222,2.66214199952716,2.69209238675481,0.0419394002181972,0.00025,7.26345764394769,0.00025,"metaG","core",1
178,9.14421768621813,395,0.0005650297924799,2.65777168350647,1.980324975863,3.88532020478572,2.04068969256722,1.28467858971386,3.86160365549994,-1.77376452047718,-2.09011648231677,-1.41262161007784,0.937157270462641,0.885900862393422,0.990828546183835,0.0357879008972379,0.1075,0.0841269606983367,0.07675,"metaG","core",0
180,48.3537270994877,2027,0.0006270499710592,6.73400673400673,5.06839799223066,6.73400673400673,1.14992669328198,1.01623758146974,1.40265118908012,-2.56689093495077,-2.59791334394298,-2.38192993339485,1.50733884072703,1.47489181706753,1.55094811153149,0.139234989021176,0.00025,10.9696628954093,0.00025,"metaG","core",1
188,3951.10897741048,49504,0.0007530120481927,6.73400673400673,6.17105291990483,6.73400673400673,-0.0171885627203251,-0.0282571415321127,-0.00172863715877656,-2.70203374661689,-2.70773760084737,-2.65388523777656,4.02295236611115,3.80639335485607,4.71434307174934,0.0503269890126159,0.00025,42.1066022203605,0.00025,"metaG","core",1
189,240.50782172071,5536,0.0007245626746713,2.42631644830946,2.2614599071184,2.61061621190387,4.38843518857914,3.71904658925352,5.31655165780191,-1.17520502664188,-1.26936586866237,-1.07101640468743,2.3109150343676,2.30036349875267,2.32162929683116,0.0711851501287918,0.00025,11.9464058938673,0.00025,"metaG","core",1
191,219.775979302326,9644,0.0003541285486631,6.73400673400673,5.91209180872482,6.73400673400673,1.02418821178556,0.967489785461464,1.11970250352814,-2.69027606642104,-2.70397473599337,-2.60968743762033,2.11163979460807,2.09330928992657,2.13468019744661,0.0491378594276255,0.00025,9.79642093601207,0.00025,"metaG","core",1
193,341.222671296216,7625,0.0008702462796971,6.73400673400673,5.67536525766048,6.73400673400673,0.812818334053662,0.754676845248926,0.910440254395985,-2.5943167898155,-2.60954312204621,-2.4912212585842,2.20560578169897,2.17858670911334,2.24886054471535,0.0803667405110713,0.00025,9.87092438784893,0.00025,"metaG","core",1
194,716.659637951877,24605,0.0009202710616581,6.73400673400673,6.26030615878181,6.73400673400673,1.87429781401212,1.81805317335862,1.97984419045355,-2.3469514977041,-2.35671370269807,-2.29731346444683,2.59956487745904,2.59329730168315,2.60621171260086,0.0559707714082506,0.00025,26.1703945836986,0.00025,"metaG","core",1
196,445.42664275593,12164,0.0003246178362745,6.73400673400673,6.02272485667689,6.73400673400673,1.25939019856262,1.1977664167539,1.36024717850892,-2.46620159859597,-2.4796672137461,-2.39607577819843,2.34694370309097,2.33381929768569,2.3625405790569,0.048396516385684,0.00025,8.84496822146727,0.00025,"metaG","core",1
201,779.289473722693,13994,0.0004336983627886,1.2771297861797,1.22913094145837,1.32913084389039,2.62390450353078,2.34329351151878,2.96357155547477,-0.989449952715187,-1.04708097276571,-0.927541323525189,2.84559897434987,2.83614754520799,2.85544627503694,0.0499215085713594,0.00025,12.3107399220654,0.00025,"metaG","core",1
205,4787.69075276488,58640,0.0005075111652456,3.02823998641527,2.93617296173604,3.12693745778439,0.773468071431784,0.740060350063333,0.809774279749586,-1.81093647007223,-1.83530496464084,-1.78641630149304,3.55010020611855,3.53691781687204,3.56982122869459,0.0231147854181317,0.00025,8.09815750715432,0.00025,"metaG","core",1
206,151.440464120515,3915,0.0006650778695338,6.73400673400673,5.36965946971871,6.73400673400673,0.438321825019483,0.379758575154801,0.532474416871582,-2.66042680032084,-2.6819832618704,-2.52398306123009,2.10760889195929,2.03986020059237,2.23963538617796,0.0926395964679801,0.00025,9.91780701421884,0.00025,"metaG","core",1
208,21.2947553736484,847,0.0009186954524575,6.73400673400673,3.70685817814134,6.73400673400673,0.247679150368947,0.145587709178748,0.450793811305824,-2.83932859511528,-2.88397849025122,-2.4925237461089,1.45949512347602,1.30140114416801,1.83534239946658,0.0571936675698187,0.00025,0.901298452755479,0.00025,"metaG","core",1
209,386.506170232564,5936,0.0002632479532471,6.73400673400673,5.577120747035,6.73400673400673,0.363856009514805,0.318447117173563,0.432881725592767,-2.70665294164219,-2.72342576086692,-2.59826570866688,2.32000183751133,2.24691788003541,2.50136941030719,0.0754374065997504,0.00025,9.52346985469416,0.00025,"metaG","core",1
210,66.536834882154,1908,0.0003397473515149,6.73400673400673,4.94251268035234,6.73400673400673,0.351406863852574,0.277596888819914,0.482939310074886,-2.78438280655839,-2.81328421339625,-2.59471370455077,1.75605675775518,1.65415823109824,1.99434847795763,0.126112888120262,0.00025,7.91431595449689,0.00025,"metaG","core",1
7,11.8989283520156,133,0.0005371530886302,2.16823634952174,1.26960854106134,6.34110801720982,0.367262994473994,-0.000583709580096811,1.38757883889388,-1.70968962227622,-2.37133461940186,-1.14318039312638,1.12670569840328,0.894662908170851,1.59513499551955,0.0354064160579735,0.85675,0.0229393151241113,0.88875,"metaT","core",0
11,4.1324747481228,57,0.0054555373704309,0.630719964813025,0.144998134168491,3.55858815145326,5.23657249701995,0.667533400472843,195.443927517956,-0.312041726970726,-1.74426258362846,1.49331801520598,0.612398246250084,0.474830899060629,0.749824567426957,0.0909855405174815,0.0925,0.0768231114352801,0.1175,"metaT","core",0
18,20.864808765236,154,0.0029612081729345,2.07293675578357,1.00726181198655,6.70754534433232,0.272559939972161,-0.0431997893888311,1.18086953579568,-1.56131123605611,-2.25275559559912,-0.919943798102953,1.41746036242039,1.18053022556043,1.92172877886881,0.0532548855904547,0.14,0.0517052907423186,0.2885,"metaT","core",0
22,8.36673178574982,172,0.0009016319538364,1.18931760468057,0.8202153132239,1.83983781033294,2.62744192351431,1.06448905661557,171.515441973049,-0.971940165106744,-1.46391314565353,0.854503178576953,0.92340596476447,0.838544753662356,1.01395133708026,0.0463884165166382,0.2515,0.0451786441118329,0.38525,"metaT","core",0
23,38.2314813960711,228,0.001504244117331,5.33662310690688,2.48066698902306,6.73400673400673,0.0592153524753614,-0.105737896315957,0.391056354657653,-2.22993633467928,-2.436570873863,-1.71615218419422,1.62964547584262,1.33548870833247,2.27990363003631,0.0391678179092222,0.38475,0.0735565862954135,0.171,"metaT","core",0
25,33.4698969308063,245,0.0004859956516178,2.28840016102315,1.56316104634918,4.09611001949915,0.533387588203738,0.181936503592479,1.21874058199645,-1.4651574260424,-1.88279136554609,-1.08206205952581,1.53461727242651,1.38578112343519,1.80458526743972,0.04067791357204,0.20775,0.0792923510186785,0.0955,"metaT","core",0
26,4.36723239565989,174,0.0016626167029031,3.83913153108507,2.09827317087039,6.73400673400673,2.16263738366508,1.21574577620996,6.6973028740595,-1.8841071358831,-2.31393194004958,-1.19646012933053,0.604262534408168,0.537901485717784,0.678826594351144,0.0363285952281397,0.6605,0.0502136386908631,0.33325,"metaT","core",0
30,18.39191800051,190,0.0039460703715882,6.73400673400673,1.84146348607619,6.73400673400673,0.222503002747716,0.0245063394148068,0.788321069394982,-2.32120762166794,-2.42364820056947,-1.52833592671899,1.32180972677937,1.09472554627192,1.79028104798381,0.036812174325005,0.6195,0.0432614997103668,0.5025,"metaT","core",0
36,6.00747504942734,154,0.0002844729492086,1.10294824146234,0.733349521944189,1.81339000012895,1.00080720107425,0.311739168182462,4.85439403088532,-1.44221608419401,-1.92563050849728,-0.720345617498007,0.781799000626291,0.64392938647381,0.971605120059616,0.0745846152686489,0.00625,0.166020819531956,0.0025,"metaT","core",0
38,22.1991113782803,162,0.0053346265761396,3.08465075293382,1.40347243344879,6.73400673400673,0.565834131221129,0.185055887511697,1.7073599498773,-1.5589880314136,-2.0646788223482,-0.917156420300515,1.36447773435469,1.20233595300515,1.65815331753582,0.0753538078348715,0.003,0.183827639563718,0.00125,"metaT","core",0
39,21.7981438772217,189,0.000650547544183,1.03062919725973,0.728921721067115,1.53121770559167,1.22963653077795,0.463914305320818,5.58798951492933,-0.84879099723727,-1.28641662308736,-0.159061208236881,1.34752843205063,1.23111452887575,1.50109604201089,0.0317798231878069,0.781,0.0254100789834624,0.816,"metaT","core",0
41,11.2610876717044,143,0.0008275576704251,1.13514130954281,0.824522400773714,1.74086905751375,4.71426678656119,1.50168005006688,181.888630658641,-0.486777456680905,-1.09760534232287,1.20676749208389,1.05092261950433,0.970209398293955,1.13480201058011,0.050733737787951,0.26775,0.057354559760387,0.26175,"metaT","core",0
46,3.55481842618635,114,0.0004655011896141,1.65940156148754,0.8859342353569,4.23798049304706,0.669605944035649,0.119433559710106,3.23540259696394,-1.88072641446084,-2.57025125190941,-1.09288500854482,0.549940080754803,0.381171558875049,0.833730940783025,0.0658263366664643,0.07475,0.0844094789590515,0.05925,"metaT","core",0
51,6.56241510988332,156,0.0029417532849578,6.73400673400673,2.54617087357673,6.73400673400673,1.15455551447335,0.735840866440781,2.96834813020529,-2.1635625811732,-2.27368479855736,-1.44283222119224,0.790771958143312,0.690784570861347,0.930364681004669,0.0571981486437259,0.154,0.0952801374509988,0.085,"metaT","core",0
52,8.37739255792603,167,0.0005144221936432,1.99373868182265,1.34573299007816,3.57259992314692,1.37458971219848,0.629557350008547,4.110551836924,-1.45868450301345,-1.91923856482544,-0.886757759054238,0.919336341758629,0.821429868728347,1.05050857625592,0.0667400046444145,0.0135,0.137844954707035,0.00725,"metaT","core",0
64,22.0053860169872,474,0.0007175071750717,1.75923390214739,1.39283593431898,2.33489662545809,1.78175022935443,1.08083707669002,3.36160394857033,-1.32144893239302,-1.59712111270682,-1.00508015602872,1.34789416566889,1.29044360583088,1.41146323845691,0.0305811171481144,0.1725,0.0408288312974226,0.487,"metaT","core",0
65,33.0085544209497,303,0.0005611386012345,1.30631268289101,0.936340152017885,1.93387132075178,0.319315482052015,0.0237679986471553,0.879197770900712,-1.47008539465037,-1.80261687678525,-1.1130152638859,1.56435442945769,1.37461150681404,1.9667336172911,0.0616846726796929,5e-04,0.343169168450889,0.00025,"metaT","core",1
66,117.121174913285,417,0.0001837222120154,0.849735925072314,0.709824468917406,1.03022977148599,1.91560914809177,1.00459527344932,5.56622956220795,-0.200322895224091,-0.488530053811176,0.273885647214268,2.06572667159338,1.99431706404014,2.14458847221389,0.0416188556875081,0.02825,0.11211895006403,0.0305,"metaT","core",0
67,45.5390539450566,258,0.0004833953690723,6.73400673400673,2.5333311191692,6.73400673400673,-0.183125359205608,-0.28878807249377,0.0277185289154779,-3.07170582056865,-3.15720708893332,-2.47494475125107,1.53917617815919,1.02078751809644,2.73623943550499,0.0383742898844649,0.37975,0.0652599100313165,0.27525,"metaT","core",0
68,51.3291126792887,211,0.0005125051250512,0.86891713756854,0.636757938981098,1.22582579388633,0.753178740476697,0.233799515649598,2.85928868430591,-0.635432631775405,-1.02117976075288,-0.062262900246583,1.74045412900262,1.59173311495325,1.97527092970349,0.0579154846238584,0.02125,0.0792523000502576,0.09225,"metaT","core",0
70,37.0555912641928,323,0.0002020944332169,1.75259126605563,1.34985614117229,2.44918144108174,1.15385446294237,0.633550695037106,2.37236281277692,-1.12874571261765,-1.43014266936062,-0.777667502732135,1.55912689243409,1.47296606935063,1.6745563187525,0.0409747065624833,0.083,0.154621616646455,0.0045,"metaT","core",0
72,34.1034903024396,201,0.0005603182607721,1.48906029405206,1.01786542796538,2.51239812427168,0.25554846957424,-0.0478580562436602,0.924288215181027,-1.33581669541053,-1.76210087189313,-0.915746621750038,1.63288628285472,1.39416442104042,2.16574488976967,0.045121556755129,0.1905,0.0773349695536603,0.0985,"metaT","core",0
76,27.5574356548011,195,0.0007531254707034,1.25272306810652,0.908007662396842,1.90994402611748,1.16859741136468,0.480897005585925,4.17646832417669,-0.896750917203941,-1.308820589545,-0.302779422801059,1.42081838199198,1.30565173096672,1.57983921996908,0.0652369219053174,0.006,0.133374651588013,0.00625,"metaT","core",0
78,12.1679480741657,149,0.0040695523492415,1.90719655397108,0.52269223942622,6.73400673400673,0.37951120907113,0.016359034763328,2.23489386089317,-1.72096195812046,-2.47236205515116,-0.720247488793688,1.12279546735207,0.909747574989554,1.52418515414776,0.0442330333925525,0.376,0.0282760543771746,0.70575,"metaT","core",0
80,305.002878779822,2095,0.0012678288431061,0.499975394577174,0.436000452943366,0.569858516270624,1.69642708656257,1.18667084238215,2.77568078855528,-0.335238722409576,-0.504679621395372,-0.105608266935048,2.49637818671427,2.45621253822527,2.54172899931279,0.0655765610449593,0.00025,2.48500515160755,0.00025,"metaT","core",1
81,30.7987307747346,316,0.0009956027545009,6.73400673400673,1.43395166367919,6.73400673400673,-0.270758330486484,-0.359804564146308,-0.0928507269487447,-3.15364615204636,-3.24490776658867,-2.31646149799856,1.93200994083197,1.29045097070958,3.5273613078965,0.0642791297263725,0.0035,0.210339000686809,0.0045,"metaT","core",0
82,31.3738028904461,293,0.0012327922745017,2.36741775701487,1.40386687916244,5.40647608592215,0.00957115626504557,-0.170195036394295,0.310300259684353,-1.96861563620067,-2.48203408806181,-1.54987621712503,1.74651115604113,1.43264900845877,2.48226907685113,0.028802796170112,0.616,0.0481120916114828,0.34325,"metaT","core",0
84,2207.94737258087,8804,0.000482346131584,0.697820166857036,0.66873950803775,0.729249725737246,1.70061393883512,1.44620011339995,2.03022641823208,-0.225460133513685,-0.297010649838656,-0.146834942169547,3.33875056006221,3.32085431385251,3.35843344434011,0.0462594077749541,0.00025,5.70157697587662,0.00025,"metaT","core",1
85,3029.21005462312,6549,0.0009678379988088,0.683271050715403,0.648579056509871,0.720663224166793,1.6940498445231,1.39319417722275,2.09077545277957,0.033057673293388,-0.0551182503165334,0.125421863768197,3.46229694708022,3.44017703816884,3.48644562783206,0.0703826116095144,0.00025,8.1603854404384,0.00025,"metaT","core",1
92,75.4218768746387,1428,0.0008348639171814,6.73400673400673,4.49868810542314,6.73400673400673,0.232547082475445,0.152539023778172,0.368509357192096,-2.65321683710687,-2.68835638095512,-2.41398080440946,1.8996871945781,1.75503908642387,2.24914860781582,0.0349526882136759,5e-04,0.318450774387982,0.00025,"metaT","core",1
98,23.0761741037345,116,0.0052476221712036,0.834359169679061,0.382593034527333,1.9330077177216,1.1103421148413,0.23904474373792,174.095826597403,-0.593457833487679,-1.30612268838374,1.68798367136744,1.36736010891759,1.20875548059679,1.58191907921228,0.0439285018009241,0.588,0.0340185567089865,0.5795,"metaT","core",0
100,31.6347507515807,596,0.0015560640732265,1.79776752259055,1.37519645981874,2.39770976391161,1.48941750258317,0.95502283946572,2.63517292895687,-1.35907172005938,-1.62589178412448,-1.04712338494345,1.50040251720389,1.44631933119062,1.56750335337603,0.0381858010766673,0.00375,0.0882890308818149,0.053,"metaT","core",0
102,71.0441199753003,345,0.0005782644837182,1.0627628689202,0.823873444344798,1.40778079575961,0.518065770946243,0.179541556928412,1.25989222758014,-0.922962020548006,-1.21468682234951,-0.585074146968954,1.90516979142664,1.75859410513329,2.17666279779532,0.0209138096623013,0.925,0.0197830217618097,0.93175,"metaT","core",0
109,31.652467058717,328,0.0002755833180231,1.84537102308346,1.35484844246433,2.81433986228611,0.296013410081483,0.0446105623463024,0.732521679311293,-1.68486687334104,-2.0162365667193,-1.37879727031387,1.55856492050447,1.37133703169905,1.94823418686561,0.0424040877832885,0.0465,0.158405683780437,0.004,"metaT","core",0
110,13.9773976160326,174,0.0007228306046478,1.44144833434232,0.967541421372592,2.41381393036948,1.04783051587032,0.404196146906098,3.70335813354857,-1.27928139868613,-1.7358058675477,-0.683044533707634,1.09180091232803,0.970238881914411,1.25805004290217,0.0618908985959031,0.0265,0.104805618994991,0.033,"metaT","core",0
111,16.9107586714074,288,0.0003975568325562,1.73210117045808,1.28726268831261,2.47945859222806,1.18651698947624,0.609946179258898,2.66755839081472,-1.36689022407444,-1.69461805904584,-0.966359430616975,1.2540064094512,1.16563020907015,1.37347113685151,0.0336871701553364,0.379,0.0539370481849207,0.29125,"metaT","core",0
122,16.6582582583171,409,0.0017534630896019,2.72451269580918,1.73520670323964,5.05216071067732,0.992598945848861,0.57377378305668,1.87189937979998,-1.90115534212119,-2.30471246349733,-1.51097980873961,1.1518590501527,1.07299769079994,1.27796609775854,0.0319779145590547,0.18825,0.0854588107987086,0.05425,"metaT","core",0
123,157.720423608691,1812,0.0003490722028293,1.78039554526246,1.56206654821129,2.06310368400526,0.518028012154391,0.3638037979457,0.708479534877533,-1.54882676211777,-1.67856010931678,-1.42503297537269,2.23871637691993,2.15726698200726,2.41835219009274,0.0202170794113462,0.02075,0.151471360280304,0.0045,"metaT","core",0
124,18.4139982221136,308,0.0017529880478087,1.04676908508536,0.642123768360479,1.73472675827068,0.834133782119266,0.338910715933764,2.44175196517398,-1.32165129978298,-1.74882309986436,-0.780272254664933,1.28104452192253,1.16517282584044,1.45693064074586,0.0400284901340707,0.0905,0.107669461145652,0.01875,"metaT","core",0
125,19.0761316431892,465,0.0012648958125291,2.64320664244714,1.85694529853053,4.29832010484294,0.904630768546572,0.529429736125054,1.57554955211102,-1.83132483660342,-2.16789022211006,-1.52387144748015,1.29904076598926,1.21689136992981,1.4210718391446,0.0286457253867561,0.24975,0.0450860148300123,0.38775,"metaT","core",0
128,7.93519770366214,210,0.0006213258136978,1.10930119723448,0.768902495271732,1.64703326486795,2.21341790784396,0.92908121873144,21.107848210138,-1.1385361760961,-1.58675058589364,-0.0536619686178305,0.889653279244886,0.803083101519434,0.983881732009389,0.033137074755074,0.64,0.0348921583127367,0.5965,"metaT","core",0
131,15.7665555992015,91,0.00543314216722,0.945608459251914,0.0800277291292692,6.73400673400673,0.232194372151223,-0.181843635081551,62.3797304251081,-1.26893110136819,-2.41388353649061,1.29475774758043,1.20549698868523,0.913876253303927,1.77318732594614,0.0552036509658665,0.361,0.0263049467493221,0.758,"metaT","core",0
132,34.2908282230554,265,0.003008488234662,5.13963747975589,2.53823160754512,6.73400673400673,0.320015685152272,0.108311452003286,0.773060051824502,-1.98268720700679,-2.2060464138755,-1.50726183878069,1.58855371783623,1.40137867202734,1.96362346677636,0.0346560759693542,0.44425,0.033709994959179,0.6755,"metaT","core",0
135,1.53110233759668,74,0.0005235053921055,3.31650480504816,1.68792011157341,6.73400673400673,2.12061536030805,0.883591112454992,77.4731989566252,-1.92000977870305,-2.50107272935079,-0.0590073508509344,0.140398711609839,0.0331534992076711,0.261200420584011,0.0771838196017691,0.142,0.0885469506999573,0.07475,"metaT","core",0
136,50.8649621812484,325,0.0004655011896141,3.32462460755811,2.17990806755553,6.73400673400673,0.214596985528553,0.00919428800666552,0.559370528080411,-1.79681295690109,-2.20864562228454,-1.4621021241419,1.79215980516555,1.58085986063708,2.26142421361837,0.051900649241362,0.0075,0.138125230882508,0.01075,"metaT","core",0
137,74.0084132309408,262,0.001401214385801,1.31601123448718,0.958080994042816,1.9458315772554,0.526834870606266,0.160787576779335,1.33502096690611,-0.882521148364285,-1.22753109478639,-0.504320189179474,1.90850673836585,1.75313583357417,2.18808577611505,0.0346478691821535,0.3775,0.0345418694310833,0.58875,"metaT","core",0
138,33.3080520657585,262,0.0051789077212806,2.46479666324172,1.23230578423121,6.73400673400673,0.460133053148129,0.141672773680762,1.17941578386723,-1.58068830845071,-2.15905644907544,-1.0529223511864,1.54486661362059,1.38853983229596,1.83795906099148,0.0469398398181667,0.048,0.0860080782248454,0.0565,"metaT","core",0
142,14.5609036749274,217,0.0005125051250512,1.63398982138795,1.17285344551942,2.52965710394789,1.37731900804916,0.64188569644706,4.00087455042723,-1.29056527888684,-1.6833888925629,-0.757686149242844,1.11649694408976,1.02209000460028,1.23546158928456,0.0344792407084173,0.5655,0.0456471528349875,0.39725,"metaT","core",0
143,37.7896630382218,225,0.0009827247336298,2.74509090240637,1.68546543549973,6.60528251326994,0.233392309975088,-0.0179613857496409,0.721308388386083,-1.73062610160538,-2.2412746351654,-1.31478292587022,1.58302398077139,1.36096805160439,2.0517699612187,0.0586156570313782,0.017,0.126361693012086,0.0185,"metaT","core",0
144,9.17478868260123,245,0.0008267879288962,2.05478766337827,1.3922768752294,3.43234070219956,1.36239826800495,0.7141206882381,3.42333561235178,-1.60856757660423,-2.02136456140489,-1.12495472842027,0.957417420858898,0.872732673150779,1.05814966050868,0.0637128032719366,0.00125,0.181952855366238,0.00175,"metaT","core",0
145,30.3679455900794,387,0.001092746892501,1.26562856859918,0.863203691088998,1.94338482365595,0.302955157503091,0.0505942389740584,0.812458137127932,-1.57313749609354,-1.91779396883884,-1.19958303678681,1.5801805038042,1.39673997124416,1.95613531373638,0.027865202451915,0.39025,0.0590447323165143,0.16125,"metaT","core",0
146,33.9160290989958,260,0.0006138892441488,1.15561203459679,0.86653437169814,1.60920800076767,0.984225856112607,0.406427140425336,2.69326330852759,-0.922849548639748,-1.27501753801156,-0.467062970403548,1.55791973515393,1.44719375618154,1.72068544627328,0.0405324515413729,0.18825,0.056564035626085,0.246,"metaT","core",0
147,37.6710718935467,262,0.0008534243652656,1.58418728406623,1.14683684530452,2.46672034698659,0.685948417092689,0.276308773483173,1.67197441206926,-1.15264542234906,-1.51762786672867,-0.754770929339981,1.61617316076307,1.48406306428185,1.84120128847236,0.0323140631959443,0.52725,0.0388354802310724,0.52425,"metaT","core",0
148,38.2463089329877,285,0.0007531254707034,1.59844773081447,1.18196181891669,2.3521726248365,0.665078081294437,0.270559490878154,1.5787325576997,-1.2028241263258,-1.5361623072664,-0.81922044290297,1.62199016744479,1.49134128379328,1.8369634627684,0.0479115705289067,0.03425,0.106309193055284,0.02775,"metaT","core",0
149,22.8133662581382,355,0.0006981444056586,0.906160837124177,0.694256585191233,1.18681718346284,2.71586676042665,1.31150706828704,16.5474088181196,-0.719997694165974,-1.08718098063246,0.107541887567842,1.36055679005081,1.29416758369287,1.4290418085965,0.027311324163666,0.56175,0.0382987469129873,0.52925,"metaT","core",0
150,41.396777837529,312,0.0011246221972306,2.08507400328937,1.49017816241831,3.36009882486698,0.513037594229637,0.189293400101451,1.14645457721759,-1.40499508459222,-1.75054923399749,-1.06345720647611,1.67337272805807,1.53129205984839,1.9221222080051,0.0364642909950285,0.20175,0.0593960901324074,0.21625,"metaT","core",0
151,36.8530610202394,217,0.0061867266591676,2.68320772126599,1.19822657090756,6.73400673400673,0.271481169061153,0.0112455979615227,0.921313054864602,-1.58444418494337,-2.13071267195007,-0.976795469123327,1.66647279388048,1.45672980967437,2.09923443808863,0.0458491185923047,0.129,0.0697186229547433,0.11975,"metaT","core",0
152,108.373180773144,527,0.000362056480811,1.20395113670857,1.01955832461328,1.45205965278866,1.9998344721782,1.21349397009477,4.08699469406977,-0.459950411756197,-0.699958310590073,-0.1235123031109,2.03940394250939,1.98350917261697,2.09997595380455,0.0390141012390101,0.01425,0.156172907064662,0.00375,"metaT","core",0
155,3114.91794003308,7524,0.0007968127490039,1.20913791615471,1.14839233488159,1.27425519555488,0.809679255733806,0.696835214103479,0.945954365626129,-0.541196975225678,-0.60095205235576,-0.477230529954324,3.5088741246076,3.47655263837971,3.55992977197309,0.0159862292550882,0.00025,0.545721332957356,0.00025,"metaT","core",1
158,160.62858408644,2556,0.0008221430528912,6.73400673400673,5.04500929507622,6.73400673400673,0.294995555724095,0.232615871692559,0.399589952741794,-2.50912765779958,-2.53493092057028,-2.33794835860618,2.22379527648803,2.1150161901815,2.48365658330634,0.0199058639617418,0.01375,0.145677685902126,0.01975,"metaT","core",0
168,5.58455076376388,77,0.0022039377020276,3.01249506301226,0.836455951371063,6.73400673400673,0.643451216892855,0.136021156870826,10.2198705239537,-2.0041931523985,-2.57787166035315,-0.519025524827453,0.525842627432133,0.336128861872428,0.840251661029235,0.0713004275765522,0.19625,0.0854745514032361,0.06075,"metaT","core",0
173,1658.89441253434,19919,0.0009876543209876,3.9778185928723,3.68375204608824,4.33692787389186,0.238575721596977,0.204853397963625,0.272728094490615,-2.12390422306679,-2.17729049809506,-2.07431016233482,3.36795249974684,3.28275214064782,3.61041747932353,0.0127876062765661,0.00025,0.999195209859833,0.00025,"metaT","core",1
175,20617.4376179742,8840,0.0011819060921886,1.16730604568151,1.11619885712213,1.22459217496602,0.726192876604633,0.625954348362257,0.83599450135825,0.172851411291152,0.116427440604555,0.227966813695034,4.32446680181167,4.28931583052899,4.38039051254835,0.0204967223581263,0.00025,0.971304960171022,0.00025,"metaT","core",1
178,98.6852365963976,221,0.0010151302750519,2.70716645414695,1.59756700842141,6.73400673400673,-0.131130136711936,-0.292455890784944,0.147771355889982,-1.8410227881222,-2.37597809387768,-1.41645493943474,2.1131963558922,1.6598278173356,3.15730633852654,0.0617111294529534,0.01175,0.141674197203397,0.00825,"metaT","core",0
180,91.5231413821195,857,0.000991571641051,6.73400673400673,3.94075887349247,6.73400673400673,0.0551878833357788,-0.0255411513750892,0.201038506260572,-2.65074640962025,-2.69509261989359,-2.33105483662143,1.95755970997831,1.70890420278911,2.62380200829055,0.0410690876268953,0.001,0.559702829979622,0.00025,"metaT","core",1
188,9539.79542707343,27962,0.0005175447676223,1.39271919507876,1.34577148725281,1.43781493407562,0.122023004424707,0.0941655299452346,0.152402045141867,-1.16405377882415,-1.19475459771004,-1.13177318928201,4.22196605220795,4.09723129816426,4.59159547542906,0.00926545027169723,0.00025,0.620783840028832,0.00025,"metaT","core",1
189,401.02576059952,2969,0.0010151302750519,3.21902014542701,2.8062225637682,3.76668772383614,0.736389374970623,0.602569895600331,0.89755371334229,-1.49276271097186,-1.60884859561604,-1.38328163248744,2.61921957561762,2.57166224960567,2.69842826501309,0.0115764727376384,0.305,0.0783213412618656,0.10475,"metaT","core",0
191,939.93828956806,5446,0.000628413979794,1.28818602221545,1.16400096554135,1.43352798563862,-0.163473487908288,-0.203712922054492,-0.115420397443917,-1.69845957582295,-1.78385110159629,-1.60912916873394,3.75674463759672,3.34166211605852,4.80990907067215,0.0634392884837434,0.00025,5.91169086733142,0.00025,"metaT","core",1
193,794.557357991788,4389,0.0009320284934425,1.96609624506306,1.81022792736723,2.14872842679087,1.30103629450446,1.09558235681791,1.54408458162058,-0.944750797616303,-1.03092270560852,-0.854972360393607,2.877098800579,2.85311836358243,2.90535117339228,0.0332755242929252,0.00025,1.54245677528365,0.00025,"metaT","core",1
194,2218.8137752938,14609,0.0011786135219115,1.07312611533059,1.01412577124022,1.13624850885033,0.15217453126999,0.107566974648603,0.199563876226268,-1.30390782775639,-1.35681210825063,-1.25220228635615,3.6303458102911,3.50359486787804,4.00292170302552,0.0502250499520971,0.00025,12.2859523295706,0.00025,"metaT","core",1
196,4714.32207862723,7923,0.0007323081019905,0.897175522937153,0.854900541359912,0.944028901158686,0.718051136297342,0.602595131778457,0.856704115863046,-0.33788843537668,-0.402454959877858,-0.271821613080092,3.65904287430321,3.6212428079569,3.72529511704455,0.0227011969213253,0.00025,1.14455216711485,0.00025,"metaT","core",1
201,1461.37071313071,6886,0.0012916559028674,1.87173280972215,1.70115787640171,2.06822216308039,0.00876568515767917,-0.0373354248805859,0.0574885231350238,-1.595292438216,-1.67208682986621,-1.52157628593855,3.55381990707119,3.32544314013797,4.19704053479692,0.026705465159528,0.00025,1.28303180048422,0.00025,"metaT","core",1
205,11231.5716883666,32337,0.0003706334743799,1.20235913921207,1.16778609622235,1.24004339851446,8.25980497145551e-05,-0.0227077033625831,0.0239880184416445,-1.20342701670169,-1.23334305221752,-1.17457069985331,4.50384389161334,4.29122095713607,5.18040018609144,0.024709489412961,0.00025,6.31892604714835,0.00025,"metaT","core",1
206,1372.58030673347,2433,0.0011385984887692,0.925929225133494,0.8482486920045,1.01738609724039,1.02296804662833,0.767637157313472,1.36629229988361,-0.237287456222023,-0.355778556531978,-0.110712628963984,3.10735519180063,3.06208787766629,3.16970976185039,0.0491870612438361,0.00025,1.33117934583933,0.00025,"metaT","core",1
208,87.8813155542736,425,0.0019167102282627,1.19284887136417,0.701657849173715,2.32354179663193,-0.125006639206285,-0.268821322707976,0.11822448330927,-1.64719344638585,-2.09204102136804,-1.23453496461156,2.2975844018029,1.86317311937388,3.2983109921698,0.0434486510408081,0.0075,0.21137492525566,5e-04,"metaT","core",1
209,1784.77300916503,3484,0.0012698412698412,0.820442653169043,0.753819245510774,0.891314939281966,0.597467246147724,0.446656774956863,0.798673208845222,-0.453653107488411,-0.551565419263676,-0.345119757795591,3.2267306187769,3.1645046054471,3.33464648174952,0.0455128314073703,0.00025,2.06266715738817,0.00025,"metaT","core",1
210,346.461887525314,975,0.0028219599794766,0.734164538766644,0.620855222891419,0.869417733988778,1.79970472646126,1.11462015738127,3.3945832202672,-0.0907236920338331,-0.322374208691558,0.208390126792577,2.5239011159051,2.47341389751461,2.57959300263132,0.0549272872653436,0.00025,0.790170139930682,0.00025,"metaT","core",1
7,3.11570225342474,101,0.0019960079840319,3.14195695450396,1.25729874323001,6.73400673400673,1.42273339176221,0.601086350113727,11.6567809077998,-1.86071727075422,-2.42502260559016,-0.665830513488141,0.486106494738805,0.371149990247255,0.623236947809339,0.0678150680397459,0.12125,0.0553063138261036,0.265,"metaG","non_core",0
11,0.847427202608692,8,0.0144356955380577,NA,NA,NA,NA,NA,NA,NA,NA,NA,NA,NA,NA,NA,NA,NA,NA,"metaG","non_core",NA
18,1.84809629316335,74,0.0018188432157148,3.0484104842964,1.41728204392052,6.73400673400673,2.75011083001531,1.10689490579721,176.976791287295,-1.64369911660082,-2.29749279022806,0.404736744581347,0.270291116118851,0.175007616971774,0.372986423686927,0.0877580099742411,0.054,0.0757681539910072,0.112,"metaG","non_core",0
22,2.96699489901199,98,0.0029027576197387,0.981541939039757,0.471864073945676,2.78020754514484,6.81628744839585,1.33558211999538,190.53340505637,-0.72883331724146,-1.80895461534442,0.899076291078824,0.470499958461587,0.380165649118896,0.561234883523104,0.0563047654373461,0.34025,0.0553355665065888,0.24825,"metaG","non_core",0
23,3.16627256277115,111,0.0031930333817126,1.58209358804895,0.306292260575233,6.73400673400673,1.37167725654495,0.480131270378008,173.829981177436,-1.63560272787711,-2.52912975537193,0.761998709014823,0.51073480540533,0.394920952587484,0.668280884513926,0.0350185394655801,0.9085,0.0194308253415289,0.9245,"metaG","non_core",0
25,7.22743237940742,117,0.0034385745545483,1.01396586208913,0.290995784721195,4.87975495888461,0.91593287266377,0.169435382193513,170.717298914907,-1.25656805848768,-2.2772439157857,1.14709792260784,0.885203942255122,0.732080870063205,1.1008354595038,0.0486341739308171,0.3965,0.0474838502256283,0.3015,"metaG","non_core",0
26,4.67598187788428,91,0.0034494653328734,2.02912155080824,0.599189576626781,6.73400673400673,0.880547927292574,0.252773464406628,66.3401737198783,-1.62736151951915,-2.41386334528972,0.67543573706943,0.695576139195787,0.535993878500854,0.926777464924144,0.0488399502304795,0.62525,0.0473904106199132,0.32225,"metaG","non_core",0
30,3.73224587454566,87,0.0032404406999351,3.14737108541706,1.07652255905225,6.73400673400673,1.25973899062215,0.519987546916187,61.0128283738883,-1.75555598683947,-2.31302531094489,0.194692513464574,0.579465280080628,0.457284614774496,0.746012371371275,0.0382247750349405,0.94475,0.0194102574869592,0.943,"metaG","non_core",0
36,15.8288169180178,164,0.0005798629414865,6.73400673400673,2.25235017995917,6.73400673400673,-0.115471613278903,-0.259034836725078,0.211334672120793,-2.92014540736883,-3.02648498294052,-2.23140475471709,1.24740920175728,0.784610094618639,2.3012408523598,0.0367500722338026,0.74475,0.046718910212671,0.48275,"metaG","non_core",0
38,6.52832071650451,50,0.0037944118661607,6.73400673400673,0.919035349518877,6.73400673400673,0.94988975628967,0.390952473922154,175.592884028707,-2.24170913656176,-2.42403499998986,0.648335454931247,0.293595651403818,0.121541402373673,0.55305832879171,0.0889553574956351,0.25025,0.0924703267882597,0.08625,"metaG","non_core",0
39,4.80737257174842,154,0.000896151818661,2.84636822899036,1.6594990222772,6.73400673400673,1.24303251169806,0.555577190896545,3.57165589026341,-1.84470200865393,-2.40283469736938,-1.25205780622304,0.699132304519056,0.599850375549502,0.833711781709982,0.0470968210300786,0.31825,0.0515663751518825,0.31825,"metaG","non_core",0
41,2.60749941191634,49,0.0037359900373599,NA,NA,NA,NA,NA,NA,NA,NA,NA,NA,NA,NA,NA,NA,NA,NA,"metaG","non_core",NA
46,2.63552170258823,128,0.0029542097488921,6.73400673400673,0.66355132806357,6.73400673400673,0.908411219017154,0.500782352211064,9.75404241202306,-2.58252486842096,-2.73711225166597,-0.719227656930879,0.408576375668357,0.286978006879016,0.59074795734482,0.069162970070596,0.0635,0.13480487786368,0.01575,"metaG","non_core",0
51,0.908625108865161,38,0.0036172311739559,NA,NA,NA,NA,NA,NA,NA,NA,NA,NA,NA,NA,NA,NA,NA,NA,"metaG","non_core",NA
52,2.71671653391512,85,0.0016282225237449,1.60662985164431,0.595960273644376,6.69703203082742,1.23932192645922,0.304934116326388,173.98308594407,-1.6258854983061,-2.53757333413696,0.750324422663716,0.422697197032855,0.27535349991692,0.607191236361919,0.0518432922244871,0.5715,0.0409161184818328,0.43175,"metaG","non_core",0
64,9.76504181963049,432,0.0010390689941812,6.73400673400673,4.12669093338152,6.73400673400673,1.48595150558631,1.16920669003615,2.34188001426977,-2.31755829490015,-2.3839668342761,-1.95599122590006,0.973784775364119,0.92234267801808,1.03872457308951,0.0656443227701526,5e-04,0.564695331536691,0.00025,"metaG","non_core",1
65,13.7178695060305,352,0.0016366612111293,6.73400673400673,2.6683144698374,6.73400673400673,0.210377737070464,0.0611244108304752,0.546043824292459,-2.6248657436407,-2.70177738539545,-2.06990063833096,1.32184555269177,1.11191925322681,1.80621647862492,0.0514607059334854,0.01575,0.152260913038936,0.0125,"metaG","non_core",0
66,12.3533646297742,300,0.0023349607302059,6.73400673400673,0.697672562511781,6.73400673400673,0.0706902692570437,-0.0765112141380107,0.529245918276531,-2.90860500122341,-3.0177310950205,-1.77476346900032,1.19386759550772,0.916758401621719,1.8420115144596,0.0470955868623282,0.05025,0.103502122372665,0.0495,"metaG","non_core",0
67,6.67196932134682,421,0.0012714558169103,6.73400673400673,2.45246293957853,6.73400673400673,0.83554922217612,0.608373514775664,1.5173212945213,-2.83422555556542,-2.91203893339812,-2.24247732309022,0.699908121186827,0.615586879174695,0.823231811474978,0.122088026198405,0.00025,1.94131387367325,0.00025,"metaG","non_core",1
68,1.40176466949941,56,0.0007996161842315,1.12924718021481,0.709230135074635,2.45226471197677,20.4095403543526,1.74197436196774,210.115646129052,-0.354493710538327,-1.69580786922008,0.778092365289368,0.145006709889691,0.0348814424926944,0.249927548528687,0.0988940026968335,0.06875,0.0811907191844424,0.12025,"metaG","non_core",0
70,2.29922860011472,75,0.0009595394210778,2.16355336637832,1.18216601756231,6.67349072550393,2.46819332482506,0.872618552492076,176.497681500626,-1.45456222706727,-2.24565756406762,0.560694406815079,0.359300141092626,0.254761761933032,0.476892502975024,0.0646866378633527,0.35475,0.0472583254006815,0.38225,"metaG","non_core",0
72,1.66260560584371,59,0.0048709206039941,0.574402758841157,0.0692306638329213,1.4912383763765,198.820023881546,23.0844722390232,517.763169618097,0.811377869389052,0.0827776612077261,1.00408017553572,0.217494164639685,0.109062486689895,0.317975794708795,0.111314296171174,0.02375,0.0912899160567569,0.11075,"metaG","non_core",0
76,1.53637347394006,42,0.0051524259338772,NA,NA,NA,NA,NA,NA,NA,NA,NA,NA,NA,NA,NA,NA,NA,NA,"metaG","non_core",NA
78,1.3631716486804,47,0.0036172311739559,NA,NA,NA,NA,NA,NA,NA,NA,NA,NA,NA,NA,NA,NA,NA,NA,"metaG","non_core",NA
80,57.2392364341385,2912,0.0017591556053094,6.73400673400673,5.41013985064317,6.73400673400673,2.86381678015204,2.61818749274364,3.42734142432193,-2.1819430539551,-2.21250695120759,-2.01778560180066,1.65409993795406,1.64069509625608,1.66886702206417,0.0884968072514192,0.00025,8.086485038946,0.00025,"metaG","non_core",1
81,5.48179442957954,661,0.0009045680687471,6.73400673400673,4.07013809378504,6.73400673400673,2.50920226319144,2.08408151739299,3.84609046792248,-2.63904666541624,-2.70227488655148,-2.26091681210164,0.611902110009822,0.581134296700146,0.645084326073754,0.115840737471751,0.00025,2.99844026195084,0.00025,"metaG","non_core",1
82,31.3841959709001,397,0.0014393091316168,3.22243043693395,1.8823371870709,6.73400673400673,0.133455772527842,-0.043891213525312,0.416198865395708,-2.14493818670209,-2.57110678479228,-1.77203838731849,1.64168455457302,1.40915375260073,2.19178203376173,0.0236026106017355,0.71125,0.0410668198891411,0.48825,"metaG","non_core",0
84,102.968173222236,7346,0.0010915947206509,6.73400673400673,5.90501747284624,6.73400673400673,2.65633324401759,2.5183763071169,2.94859098835529,-2.30522265806097,-2.3238213955784,-2.21102779978351,1.96495305225115,1.95570244644429,1.97432364466091,0.0429112368332419,0.00025,4.5144476026268,0.00025,"metaG","non_core",1
85,156.796744589941,5557,0.0008697979392479,6.73400673400673,5.65672572122118,6.73400673400673,1.07106719149297,0.994582418504891,1.21211679555736,-2.50352915294105,-2.52234315843759,-2.39255497558062,2.03949823883042,2.01720523057992,2.06839093147357,0.0593973605029608,0.00025,5.71068281512668,0.00025,"metaG","non_core",1
92,26.8009131197129,2040,0.0018070112034694,6.73400673400673,5.07617816844668,6.73400673400673,3.14310462854821,2.82269435584505,3.99426401381344,-2.27482660497627,-2.31496387904842,-2.0651694381705,1.36781648259537,1.35279233922643,1.38378982593791,0.0941450299210458,0.00025,5.7441714696661,0.00025,"metaG","non_core",1
98,0.782787527246231,21,0.0048567265662943,NA,NA,NA,NA,NA,NA,NA,NA,NA,NA,NA,NA,NA,NA,NA,NA,"metaG","non_core",NA
100,28.6694378274302,921,0.0011994242763473,6.73400673400673,4.54897767879313,6.73400673400673,1.45905183982836,1.23156147904613,1.97884576520105,-2.39087562457489,-2.44008413627312,-2.12252168320744,1.23749107280092,1.19872726627706,1.2821428072766,0.136682096827308,0.00025,5.18884177155212,0.00025,"metaG","non_core",1
102,20.2752408915572,317,0.0026737967914438,0.025538246410167,0.00570176452337369,0.267789556520004,0.880590661946609,0.201900922226588,4.26711522155008,-0.704917562035872,-1.21876140818928,-0.0884285708049616,1.31879646431318,1.17811949098932,1.52011055757881,0.0359310590655744,0.43725,0.0517818391860938,0.55475,"metaG","non_core",0
109,8.71801220046499,418,0.0029481132075471,6.73400673400673,3.07924725590627,6.73400673400673,2.20518429914635,1.73608494613871,4.16144058621122,-2.26850301971408,-2.3504392172281,-1.71484494208786,0.843985908123708,0.804084257824581,0.889005288424981,0.0767777401010323,0.00025,0.803868287259929,0.00025,"metaG","non_core",1
110,9.51284195549928,228,0.0016791939868862,2.46639211505065,1.34254127919927,6.41787535752439,0.708390985046275,0.279666624774412,1.8205189345196,-1.88419659379646,-2.46549177933333,-1.35285579176468,1.00920082483073,0.879401096982571,1.21881955615704,0.0326352571196546,0.59525,0.041059344713809,0.445,"metaG","non_core",0
111,6.14342724646221,142,0.0012793858947705,3.52668446238586,1.66709119325627,6.73400673400673,0.590202090783628,0.204689702517664,1.75224301802776,-2.10629285063991,-2.55836190611535,-1.47475323555848,0.79548365029061,0.64056442667898,1.07042278698534,0.0521265042621137,0.2395,0.0577293330207694,0.25425,"metaG","non_core",0
122,59.1185848466606,1420,0.0024160425223483,6.73400673400673,3.70476665318975,6.73400673400673,0.77251605049021,0.638740738668791,1.05012016772708,-2.53689039297227,-2.58103817986203,-2.19841681923755,1.56104170126673,1.50642146533345,1.64558944549464,0.105192788964403,0.00025,4.63500233190654,0.00025,"metaG","non_core",1
123,38.9236123530208,2006,0.0009727626459143,6.73400673400673,5.28662552966683,6.73400673400673,1.92789076577065,1.73134923915576,2.35452546057,-2.33473093316453,-2.36929615349996,-2.1616695116709,1.51065624095383,1.4892420395436,1.53393376485199,0.0737765863495776,0.00025,2.2098440456804,0.00025,"metaG","non_core",1
124,19.6704817449849,299,0.0007996161842315,6.73400673400673,2.96303760259461,6.73400673400673,-0.00535834829515858,-0.12969759020202,0.240146924069618,-2.76996174021699,-2.84617882884363,-2.27095436492119,1.45384764801846,1.12613437184887,2.27319589343326,0.0621261217246873,0.005,0.210688715835745,0.00175,"metaG","non_core",0
125,37.1240484078563,465,0.0015192707500399,6.73400673400673,2.87044120902928,6.73400673400673,0.0115059583158452,-0.0962551659357595,0.221252609027478,-2.65965805258555,-2.72312010278544,-2.16528611123571,1.75083474525662,1.44617889061588,2.55431228828399,0.0293390928339827,0.32325,0.0745578690080817,0.171,"metaG","non_core",0
128,3.55106270080673,103,0.0039625360230547,6.73400673400673,0.789518371425472,6.73400673400673,0.682209460935484,0.298168033592815,5.22034130911411,-2.4202041224757,-2.57630380314677,-0.86419968241012,0.581274569084656,0.427282043914437,0.840867665061422,0.0495173821079718,0.5855,0.0278080571274545,0.788,"metaG","non_core",0
131,2.68016110456529,43,0.0067731011127237,NA,NA,NA,NA,NA,NA,NA,NA,NA,NA,NA,NA,NA,NA,NA,NA,"metaG","non_core",NA
132,2.00567549869255,74,0.0034246575342465,2.53639451753178,1.02874415317157,6.73400673400673,3.46676818136893,1.27227503527252,186.966075116774,-1.43939636298468,-2.21488240493489,0.580108963050814,0.303375403189531,0.213846803297104,0.397456583118907,0.0650247114049817,0.34325,0.0551151742752135,0.2555,"metaG","non_core",0
135,3.26134111735746,70,0.0021141649048625,2.34715304863588,0.596706639414556,6.73400673400673,0.581513520450238,0.0544384455707998,115.902270909843,-1.92681564599936,-2.65176953182069,0.643442405336226,0.495578250313805,0.282451293299547,0.841409590396692,0.0475134360067389,0.8395,0.0307969389235695,0.67075,"metaG","non_core",0
136,3.17594642702923,86,0.0016986580601325,1.86874000141074,0.923823834366493,6.45797795263946,1.94810697749354,0.618824097973903,174.965216527847,-1.41639788401544,-2.25388020364069,0.71778621266132,0.502241719185187,0.386803193878768,0.633474243413227,0.0503176799112788,0.6325,0.0243935078203891,0.832,"metaG","non_core",0
137,3.52548075849837,85,0.002152595072949,4.3576351344217,1.3304451339865,6.73400673400673,0.69995620058296,0.247013433198582,3.71562751183046,-2.12599209342269,-2.50010371055971,-1.06466949898026,0.578694831931828,0.407027775890431,0.851968762677582,0.0562607412739559,0.52425,0.0330562434375072,0.67025,"metaG","non_core",0
138,1.84361123697661,57,0.0006852925672113,2.31090774321961,1.06586632882703,6.73400673400673,1.30819881358213,0.348374528435263,173.877917932672,-1.72354755952816,-2.51312053788877,0.554562795395685,0.266232033190023,0.109387737113156,0.47294289273387,0.0748117121816336,0.3275,0.0420472891008721,0.4765,"metaG","non_core",0
142,1.26428780627315,46,0.0010015814443858,NA,NA,NA,NA,NA,NA,NA,NA,NA,NA,NA,NA,NA,NA,NA,NA,"metaG","non_core",NA
143,1.02800758740038,51,0.000896151818661,2.41370033749334,1.24150273606297,6.73400673400673,3.35827024017861,1.02660030659959,192.21844595132,-1.55088811205026,-2.40819270491616,0.442472616428865,0.00891274330324835,-0.10324639506809,0.128178882837673,0.117032422237562,0.0165,0.0701148389048751,0.14175,"metaG","non_core",0
144,3.59099195474351,94,0.0020330064577852,1.20428643367208,0.690978744602019,2.70393213751172,5.24460650800234,1.27342183067026,188.727465721319,-0.795301495791672,-1.67824722634649,0.925710536593966,0.553584615059024,0.458272231939337,0.648458108467857,0.0475826840071956,0.6555,0.0445780908506804,0.40125,"metaG","non_core",0
145,6.97077774093714,305,0.0010854816824966,6.73400673400673,2.46373171612178,6.73400673400673,0.436048494017274,0.241738312382844,0.957671553536352,-2.83037414834949,-2.90805405227351,-2.21281787898193,0.809402979990928,0.669657296130369,1.06213364641408,0.08817310361991,0.00025,0.464610652868767,0.00025,"metaG","non_core",1
146,4.27470613216298,107,0.0040605389442598,0.893586019749093,0.166775626143419,5.86451781994907,1.87894931260524,0.488648797532645,179.964245256809,-1.15598863565417,-2.31138152218128,1.07259936516225,0.631000910823117,0.514987375174334,0.768868429398747,0.039078263516702,0.82825,0.0252057593184347,0.80325,"metaG","non_core",0
147,2.9938104100977,82,0.0005271481286241,2.2862234494088,1.24073629611174,6.73400673400673,1.30164051528268,0.389767366046261,12.451966589513,-1.66577505932787,-2.41446327516084,-0.530495852762967,0.484959911545639,0.343753377459263,0.663895535637111,0.0827656381097495,0.05525,0.0725000354241695,0.13275,"metaG","non_core",0
148,3.98628444847979,93,0.0036077402427025,2.30430701427165,0.731540257898334,6.73400673400673,1.33794697413733,0.492007557093984,171.715337550836,-1.60413434969558,-2.32252525429277,0.756285643452526,0.607232626579634,0.484120108287703,0.763547834925178,0.0477443375157992,0.64325,0.0357822534053298,0.54925,"metaG","non_core",0
149,6.09993667523004,317,0.0015192707500399,6.73400673400673,2.27884287708349,6.73400673400673,0.689446366755627,0.447697880940039,1.39368937233672,-2.74773379628764,-2.83028445971086,-2.08350520789652,0.741559198857492,0.635724828280671,0.935727394201614,0.0982639232272307,0.00025,0.851245406796248,0.00025,"metaG","non_core",1
150,2.95029260227257,92,0.0013568521031207,1.35749625499117,0.807180406562313,2.95713487287421,4.38328813501129,1.22393214202405,188.524776496791,-0.993943413447062,-1.80273094441046,0.80794072316112,0.468197417848791,0.372219566451585,0.57021547229451,0.0558868377196908,0.41175,0.0411209043387813,0.4785,"metaG","non_core",0
151,1.14604598717879,60,0.0009950248756218,2.19598601475983,1.60178153002553,3.25881831930523,328.951594360293,239.671171602709,488.644468725924,0.458121786070398,0.377567136491876,0.527888778043722,0.0602794985213602,-0.0175669734863727,0.131083797744352,0.0689664448102286,0.54125,0.0540930699802874,0.45675,"metaG","non_core",0
152,11.5716278460919,361,0.0025471217524197,6.73400673400673,0.94159098397688,6.73400673400673,0.162888561931272,0.00707984023438542,0.582725048003805,-2.84303056764775,-2.94321913258468,-1.85620345108798,1.21018787235663,0.986310832771,1.7492929829795,0.0760693990465159,0.00025,0.385227292210818,0.00025,"metaG","non_core",1
155,234.715639105077,8014,0.0006325777543489,4.08987805771484,3.79553374038205,4.43576499302212,4.21314104469512,3.7465794481704,4.79640814180589,-1.55155864781809,-1.63104731885131,-1.47034929681643,2.33944313138025,2.3316473235925,2.34706072986449,0.0264893496429803,0.00025,1.28529436134321,0.00025,"metaG","non_core",1
158,20.3291710105216,1886,0.0014210601108426,6.73400673400673,4.82301804847281,6.73400673400673,2.94266542716957,2.64685182056381,3.8090134519528,-2.44528175487734,-2.48270997990392,-2.20759525258676,1.19328835867213,1.1768882835416,1.2097878920246,0.0661537236846902,0.00025,2.38586016100585,0.00025,"metaG","non_core",1
168,6.91898636541122,228,0.002188582892577,2.23749637844189,1.1668930713852,5.6149249896347,1.38575895027144,0.677487093534019,4.13498106268111,-1.72657022278225,-2.32383974633532,-1.06286559270325,0.847394156080018,0.761909630308706,0.955609406894593,0.0340455269862845,0.513,0.0302193631969824,0.69425,"metaG","non_core",0
173,800.985424542704,21075,0.0007571585903083,4.26062756091301,3.98098302294998,4.58034429864439,0.781496018683797,0.726220257414478,0.838313924587201,-2.1360202060042,-2.18478205741685,-2.08971137041074,2.92406412597635,2.9047437467598,2.95588914255316,0.0279854017160293,0.00025,4.07368831960212,0.00025,"metaG","non_core",1
175,450.90321212591,8032,0.0012205541315757,6.73400673400673,5.89419630167638,6.73400673400673,1.65791743664667,1.57085019076043,1.82691982890553,-2.07773776634869,-2.09413981530349,-1.99069240724574,2.43565341073553,2.42305511676707,2.44857800276186,0.0276212775945313,0.00025,1.82621403189815,0.00025,"metaG","non_core",1
178,1.82368447807523,88,0.0014682131845544,2.41941372387015,1.661108828164,5.43354573894546,16.0817063927011,3.17448833025393,206.2017066995,-0.863009962906763,-1.87397266673721,0.34806811697793,0.259412869589682,0.193698285356321,0.321967042131268,0.0363946554209228,0.9645,0.0141545581199578,0.993,"metaG","non_core",0
180,21.9535805638838,1101,0.0012528188423953,6.73400673400673,4.79732800533493,6.73400673400673,2.29810789168556,1.99199294944506,3.06278146232007,-2.37712016354624,-2.42506167516544,-2.12583093877932,1.13207680757459,1.10643458405817,1.15954715392369,0.146799475440517,0.00025,7.26491275769922,0.00025,"metaG","non_core",1
188,1852.717312776,30466,0.0006416238917405,6.73400673400673,6.10396052043035,6.73400673400673,0.100719996815202,0.0857280021028811,0.12353835507054,-2.61297622813633,-2.62046754619452,-2.5579512936345,3.54897238178384,3.4181609191853,3.94747884650923,0.0490998025981337,0.00025,25.837543012754,0.00025,"metaG","non_core",1
189,150.522187833151,3704,0.0006926646810279,3.55518582153105,3.23488322324462,3.95414290201487,5.66373217991118,4.6335073921166,7.14348984122014,-1.2370150678373,-1.36147188543866,-1.10477407243384,2.1294280349615,2.1190089225766,2.14001437773277,0.057299055622934,0.00025,4.94956496504203,0.00025,"metaG","non_core",1
191,68.9067644083006,4876,0.0010008006405124,6.73400673400673,5.63969289418615,6.73400673400673,1.82369236984397,1.6960948184553,2.08029568448286,-2.50668184685655,-2.52969785958271,-2.38555014781098,1.74943143341559,1.73495371843825,1.76601217085545,0.02530733656147,0.00025,1.14772727747815,0.00025,"metaG","non_core",1
193,149.946773771706,4745,0.0011527820473409,6.73400673400673,5.63433129286373,6.73400673400673,1.37768328346576,1.27840512895291,1.56265590442535,-2.42488434507302,-2.44659160785468,-2.30873194633633,1.9407988290209,1.92145149906745,1.96300629215103,0.0636128237844297,0.00025,4.88099880481999,0.00025,"metaG","non_core",1
194,276.900161515024,14646,0.0013728720483251,6.73400673400673,6.17366385763107,6.73400673400673,2.80007024530881,2.69524938408343,3.01019391751005,-2.19823413586585,-2.21187071045646,-2.13430635891902,2.3488350272478,2.34250888695423,2.35503061562503,0.0401453980718439,0.00025,7.24355260718738,0.00025,"metaG","non_core",1
196,195.442959640392,7717,0.0007517666516313,6.73400673400673,5.93912388920705,6.73400673400673,1.86207924954648,1.76278553331353,2.05158352954036,-2.32194156269453,-2.33939428135555,-2.23493402086304,2.12380394102999,2.11270864143716,2.13596682187047,0.0402147716768294,0.00025,4.18986049552201,0.00025,"metaG","non_core",1
201,384.930938178303,8192,0.0010695187165775,1.42490244941691,1.35473246033171,1.50133437266631,6.82741242271071,5.51282058852613,8.98449035087887,-0.667725358545371,-0.775819450678225,-0.532166686545685,2.56846784937949,2.55915680011753,2.57794548126021,0.0420417098245532,0.00025,5.03322954006457,0.00025,"metaG","non_core",1
205,1882.14101849403,36808,0.0011460880195599,3.00466462257752,2.89560789035546,3.12896136795189,1.40538044857308,1.33621510285416,1.47993025225302,-1.65946976268992,-1.69215707311295,-1.62727590235051,3.23683216082721,3.22904222264319,3.24518897280366,0.0186440222404274,0.00025,4.37569444998403,0.00025,"metaG","non_core",1
206,53.6971104818397,2001,0.0011702750146284,6.73400673400673,4.92558693263624,6.73400673400673,1.01689276851945,0.89799302752994,1.26235730531096,-2.52025711652338,-2.55146069807081,-2.31861967881699,1.60119589922683,1.56432683851983,1.65338430263864,0.101536629852127,0.00025,6.33215815948598,0.00025,"metaG","non_core",1
208,5.18864688254778,282,0.0010390689941812,6.73400673400673,2.52856058558298,6.73400673400673,0.533101448119948,0.323126032641343,1.14330862006207,-2.7977911096668,-2.87642037825772,-2.18524569282924,0.731763765800285,0.601934943757349,0.971141463574927,0.101412940518529,0.00025,0.694389780883245,0.00025,"metaG","non_core",1
209,108.184450919358,3305,0.0008963786303334,6.73400673400673,5.36246976236841,6.73400673400673,1.04605682506353,0.948286541866994,1.22425119715441,-2.52220269086656,-2.54678519800007,-2.37753484247426,1.80594760545733,1.7764940491179,1.8458511774182,0.0722191168666633,0.00025,4.31089837461731,0.00025,"metaG","non_core",1
210,15.5329342618088,893,0.0014556040756914,6.73400673400673,3.86595437074818,6.73400673400673,1.30618118602221,1.09325932655455,1.8712957593911,-2.59159696549044,-2.63933424474134,-2.24009991071636,1.07350248347897,1.03223399361395,1.1262352474977,0.127008599425634,0.00025,4.34849885354227,0.00025,"metaG","non_core",1
7,12.6961711163647,96,0.0033222591362126,2.73430269076795,0.934868441206929,6.73400673400673,0.182255240603626,-0.124977707407651,1.40267330503565,-1.73976350645255,-2.34374317514776,-0.833616280070905,1.23435095450203,0.942510066937994,1.80401188780171,0.0712852115711337,0.09825,0.0584662300078602,0.226,"metaT","non_core",0
11,1.125622046859,10,0.0072053525476067,NA,NA,NA,NA,NA,NA,NA,NA,NA,NA,NA,NA,NA,NA,NA,NA,"metaT","non_core",NA
18,2.64555269891192,41,0.0041816009557945,NA,NA,NA,NA,NA,NA,NA,NA,NA,NA,NA,NA,NA,NA,NA,NA,"metaT","non_core",NA
22,6.8612251862477,100,0.0022416498542927,6.37017008386016,1.62609732759216,6.73400673400673,0.243297354853836,-0.0181590710269542,1.20526134467269,-2.41527423055036,-2.57107924674172,-1.46378790929397,0.87715909576179,0.623487593582233,1.39115745869282,0.0544284708694381,0.49075,0.0593957624421464,0.28875,"metaT","non_core",0
23,4.81935798547288,78,0.0051975051975052,1.62764109819013,0.184528016918916,6.73400673400673,0.760202889401145,0.148962688238963,174.763003350454,-1.52685831475297,-2.42376888764255,1.17808954212363,0.714353267430849,0.527230198745207,1.00803230294591,0.0459746443724124,0.8075,0.0227811795394685,0.85425,"metaT","non_core",0
25,12.2522705342403,108,0.0056818181818181,2.5418853734282,0.801587222740005,6.73400673400673,0.483861965077548,0.0734522781840086,3.00166929198229,-1.5652546974062,-2.20250292984218,-0.562461074482681,1.15138473584713,0.958061380405316,1.50263151360562,0.039863468260385,0.8165,0.0373137619243065,0.51075,"metaT","non_core",0
26,3.10886480830305,92,0.0012955045990413,1.93242581080185,1.04422682388578,5.23961856325518,2.36170036794538,0.836004634422621,176.31770849707,-1.38163590711884,-2.16080782546127,0.653501985213686,0.494795545523107,0.389260681623191,0.607329336408545,0.0662495212250967,0.17925,0.0530898860522424,0.29625,"metaT","non_core",0
30,5.41895234662471,54,0.0071479628305932,6.73400673400673,0.0270557013617352,6.73400673400673,0.172403744265193,-0.14652327695092,170.283524695116,-2.35261443667638,-2.60285405160064,1.25764302889067,0.774946360720159,0.450034113583988,1.4110153001143,0.0736084883220054,0.436,0.0423226776865572,0.4945,"metaT","non_core",0
36,9.85321509597116,156,0.0011792452830188,1.35421811052778,0.87424493869504,2.35033197964227,1.65781222939163,0.644360716408349,12.7354381861392,-1.10140926117747,-1.61803776041407,-0.119982273534535,1.00429363599399,0.902472707689055,1.12843488211676,0.0753377235921476,0.004,0.123574564115985,0.013,"metaT","non_core",0
38,8.84337622672498,65,0.0103383458646617,0.548839662987816,0.0536238940459192,4.27105616349057,2.89539055539108,0.402853975937237,191.319247476881,-0.262464086564369,-1.74557105548613,1.78001908462442,0.943089626935405,0.790045900452182,1.09541978214801,0.0618676752876922,0.4875,0.0446406121065782,0.3835,"metaT","non_core",0
39,16.5502481441944,133,0.002486531288852,1.28022512767617,0.730523335807075,2.67571307199882,1.03022633724297,0.298169902320962,7.27556266716564,-0.995774065931896,-1.6002144411733,-0.0435614958863756,1.22127683422169,1.08027692664695,1.41106243731228,0.0646134663486241,0.054,0.103912997327645,0.0255,"metaT","non_core",0
41,11.7282008229956,39,0.0053527980535279,NA,NA,NA,NA,NA,NA,NA,NA,NA,NA,NA,NA,NA,NA,NA,NA,"metaT","non_core",NA
46,4.03993434063804,113,0.0023824994585228,4.15578905548775,1.32404788410563,6.73400673400673,0.75086373511032,0.313377887528733,3.20183897749622,-2.14923776087682,-2.52525825909381,-1.19052197255569,0.638331361776098,0.484573030248259,0.894581572464999,0.0386595089921565,0.84925,0.0317957209990171,0.7005,"metaT","non_core",0
51,1.77659857245421,47,0.003729796933278,NA,NA,NA,NA,NA,NA,NA,NA,NA,NA,NA,NA,NA,NA,NA,NA,"metaT","non_core",NA
52,3.3287749353548,49,0.0017510347023241,NA,NA,NA,NA,NA,NA,NA,NA,NA,NA,NA,NA,NA,NA,NA,NA,"metaT","non_core",NA
64,45.4019500386906,564,0.0007380073800738,2.25225325134481,1.73761576834458,3.14120574253715,0.70398097844737,0.411712252170903,1.18186576310138,-1.54612752689641,-1.80124901409911,-1.29504059679034,1.7011376205664,1.60848822195296,1.84958182735107,0.0287983060587299,0.14675,0.07554850634417,0.1155,"metaT","non_core",0
65,35.9294366386922,249,0.0041903621670158,0.126955932424877,0.0355553207191146,0.29136549019222,15.1988494604371,2.19598711893464,138.155806611332,0.857280238780056,-0.0743700917484266,1.78776245816997,1.55269590251315,1.46026622741049,1.64373182482896,0.0874894553937458,0.00025,0.323649351084895,0.00025,"metaT","non_core",1
66,118.65740586906,343,0.0022341376228775,0.632648023197796,0.505117203081556,0.810221275481173,6.56371873854723,2.27366342495003,181.030046811204,0.536208274031031,0.00585128962505158,2.03483096266422,2.07028177737397,2.00778696330366,2.13534721408595,0.0937726011290492,0.00025,0.736637555292126,0.00025,"metaT","non_core",1
67,14.4992343384257,222,0.0008911663139133,6.73400673400673,1.73355461602979,6.73400673400673,0.0955576871432611,-0.0712342077426394,0.531560533434231,-3.04501116796734,-3.14359083658989,-2.24445715273996,0.851449726056417,0.571462511709777,1.48195974858103,0.0732373185818427,0.004,0.311098983258567,5e-04,"metaT","non_core",1
68,5.68911122288749,40,0.0102591792656587,NA,NA,NA,NA,NA,NA,NA,NA,NA,NA,NA,NA,NA,NA,NA,NA,"metaT","non_core",NA
70,4.00676097888161,66,0.0054112554112554,2.68197372083301,0.963066375689611,6.73400673400673,1.87437708376538,0.708371732732077,178.494205272659,-1.37642462659291,-2.06884794125661,0.928409589824141,0.603028738604297,0.483035146507939,0.744954081552254,0.0868125953956108,0.0815,0.0713592739553536,0.1165,"metaT","non_core",0
72,22.3575311243952,86,0.0045330915684496,0.199694779973927,0.0194239989794325,0.603755575890206,6.11035061302125,0.523722967278301,190.966270038902,0.684079778706514,-0.534093551756517,2.28075846397754,1.34289622504537,1.1716267099147,1.50934354990712,0.0416351298295661,0.89975,0.0268133434236027,0.8155,"metaT","non_core",0
76,5.16922086771159,59,0.0034087387666563,0.682674924958779,0.239811527333033,2.09266040388742,3.26596503554332,0.515164491628167,192.318762327145,-0.430095177700706,-1.52178967977472,1.58709000157501,0.705437337619869,0.550718510914406,0.868691217417933,0.0502550332705282,0.85575,0.0256305931830245,0.79975,"metaT","non_core",0
78,8.18108575732852,81,0.0038327526132404,0.407281466834518,0.169293525793669,0.749687055194447,174.661021061577,72.0160864613748,322.34202208492,1.5256618869535,1.25690068605242,1.68128412688378,0.907873266880488,0.78140030249173,1.02931740059847,0.0386345575571747,0.96525,0.0189194024003948,0.97,"metaT","non_core",0
80,407.105287114102,2376,0.0014424810674359,0.461595935978075,0.401167080626983,0.524918238527111,1.53951054516604,1.07441165307515,2.39868437806976,-0.280554122081516,-0.443527222656418,-0.0696253253789915,2.62176337331953,2.58204751517287,2.66676383032593,0.0612231042668219,0.00025,2.48873012920577,0.00025,"metaT","non_core",1
81,61.4478137822533,278,0.0010736525660296,6.73400673400673,0.451815807687161,6.73400673400673,-0.478195309901077,-0.544985957836884,-0.335795695943529,-3.37914204572574,-3.5185536662928,-1.99564315171595,2.98971990465351,1.8259002504579,5.26905442390103,0.0641752959435232,0.00525,0.179877309493558,0.00825,"metaT","non_core",0
82,77.2697250175209,337,0.0021495264324578,1.71249674282397,0.984061748457682,3.93042565434836,-0.0801952658556034,-0.243424712326156,0.199391718294713,-1.71393479442741,-2.2248425115231,-1.27457793396839,2.13757198551617,1.74385697454019,3.07084587061991,0.0258267226540256,0.65325,0.0514559400482075,0.2535,"metaT","non_core",0
84,2583.64053859313,10156,0.0007294655449107,0.758153700650658,0.726209363965353,0.791299886905708,1.80489650203699,1.55308859591522,2.14458967609739,-0.231424283151201,-0.301207240820387,-0.15408704489643,3.40472520042787,3.38782132585124,3.42183928440088,0.0417457184791229,0.00025,4.72513839148275,0.00025,"metaT","non_core",1
85,3845.99758441336,7645,0.000728491294529,0.72586124864778,0.693208999858608,0.75853007495402,1.95167359579421,1.63914174985497,2.40038716530577,0.100177711302516,0.0210541820113589,0.195627000501745,3.55826890460785,3.5397093328673,3.57644792720338,0.0638733962501244,0.00025,8.20063250428942,0.00025,"metaT","non_core",1
92,62.4054849677083,1465,0.0021074815595363,6.73400673400673,3.94680472661888,6.73400673400673,0.509187062433192,0.406370229983902,0.709135968194257,-2.56724222952657,-2.60565189927713,-2.25930421704357,1.71550591205111,1.63317187283571,1.8968444784678,0.0212039839133002,0.07025,0.0978255682161838,0.0735,"metaT","non_core",0
98,3.49758865974892,23,0.0106382978723404,NA,NA,NA,NA,NA,NA,NA,NA,NA,NA,NA,NA,NA,NA,NA,NA,"metaT","non_core",NA
100,59.8896388843541,799,0.0011429758935993,3.04002513256918,2.24124381595816,4.49899414461071,0.332043887469077,0.16301134848146,0.586777395904209,-1.91512092903867,-2.17080129232461,-1.67609790037065,1.90820993128168,1.77267413726761,2.22488910852431,0.030619618481907,0.02175,0.125363449768272,0.01625,"metaT","non_core",0
102,107.490987708059,279,0.0009398496240601,0.373410787918057,0.219928292633915,0.60527789986541,0.0587728293208281,-0.216135224131389,0.8432047495266,-0.632748263355678,-1.08083076051464,-0.0687993926715368,2.19520300348664,1.85950716573313,2.93644762667804,0.070330504881037,5e-04,0.27790178834738,0.00025,"metaT","non_core",1
109,13.4936836633057,248,0.0015241579027587,6.73400673400673,2.73792327500074,6.73400673400673,0.304066477923848,0.11524612068543,0.763862970116759,-2.52464121955105,-2.60868167141002,-1.94652756388504,1.15184977475401,0.959986748387447,1.57095919806638,0.0371297306903498,0.4215,0.0720561981337055,0.196,"metaT","non_core",0
110,7.93032720464981,91,0.0007309941520467,0.873755170638983,0.534420607237123,1.57081252292224,1.96303214675717,0.486565474744768,181.115621666799,-0.699796013574121,-1.36288207561423,1.37389374107295,0.907199571770795,0.769307125660926,1.06700912703167,0.068269277884265,0.15525,0.0987866602798701,0.04175,"metaT","non_core",0
111,18.5832012999302,204,0.0031040679627511,1.57231108385664,0.787538115333009,4.07537092348806,0.547614031481817,0.128619379296919,1.86538874430578,-1.46192241708107,-2.09146801381381,-0.820365487757756,1.29595813931665,1.13356547530258,1.59325739522958,0.0361533782210586,0.47675,0.0272807420782511,0.75225,"metaT","non_core",0
122,33.3948610506246,629,0.0014546965918537,6.05565032561541,3.47929276791329,6.73400673400673,0.351204955650251,0.206848375699597,0.61254260281052,-2.43147429532278,-2.54181116753894,-2.09064715280049,1.57190482045728,1.43098773090661,1.87571972730776,0.0232308845883577,0.4535,0.0694213288965611,0.2135,"metaT","non_core",0
123,361.520731357959,2218,0.0010983838066844,2.18241625986907,1.85032443497942,2.6282935514351,0.223639668246712,0.124213489269764,0.345493247129754,-1.74440685824622,-1.88060341923439,-1.61120013556712,2.52825643502689,2.38715099618577,2.86312376466744,0.0203206235546314,0.00425,0.165248889636359,0.00125,"metaT","non_core",0
124,21.8970105574811,342,0.002128630074502,3.90767505159647,1.76872587678932,6.73400673400673,0.127294350086362,-0.0454670188833334,0.467801697627162,-2.29867591214153,-2.64390626317832,-1.7890595469688,1.51404145071379,1.26704567166205,2.08551098319059,0.0377788574880801,0.1235,0.0518837436872019,0.30025,"metaT","non_core",0
125,33.4948700199213,488,0.0008277522763187,2.30300904143905,1.67660943927752,3.49684286714707,0.504194064080117,0.245981690398531,0.931062726363323,-1.77197403407527,-2.06854155305384,-1.49167252724193,1.55741611010749,1.43532134820393,1.78775413107089,0.0339727128461045,0.07275,0.0925052458074834,0.05325,"metaT","non_core",0
128,3.5051596756832,82,0.0015546519971298,2.20900937838143,0.675825178139372,6.73400673400673,0.48193709106929,-0.00208490218414935,5.01509910660272,-1.99253271612982,-2.73542573887888,-0.752874452474755,0.544009376222327,0.319960023948131,0.930992965515836,0.0396594920775043,0.9295,0.0260817782935232,0.789,"metaT","non_core",0
131,10.0292258049498,68,0.0105913503971756,6.141144807401,0.442765136805393,6.73400673400673,0.327606454501187,-0.00546466770689635,19.1995078828656,-1.98076588995765,-2.20261954870858,0.58479830871729,1.04680307367815,0.797266701008346,1.53412823418532,0.0497412532430671,0.8365,0.0353955942728841,0.62,"metaT","non_core",0
132,10.1580459359751,69,0.0023197715917202,0.871844560806802,0.262433548381565,3.94223295422336,0.365342370200701,-0.188176988827426,173.609067473251,-1.11170627852067,-2.19885482531938,1.55540721660657,1.03679814542753,0.746471080268234,1.52601507542774,0.0599359374721837,0.4715,0.0493953133275828,0.2865,"metaT","non_core",0
135,1.1576034973422,41,0.0018822264049475,NA,NA,NA,NA,NA,NA,NA,NA,NA,NA,NA,NA,NA,NA,NA,NA,"metaT","non_core",NA
136,11.2706120455821,76,0.0044483985765124,1.71203579267342,0.599175968270119,6.73400673400673,0.534660525834454,-0.00259270351243843,15.4319114649118,-1.26354263180008,-2.15029450499346,0.489332998231233,1.09028182980098,0.874870680766933,1.47632479738286,0.0535476267889905,0.59625,0.0298327067729925,0.68825,"metaT","non_core",0
137,18.5733215328152,66,0.0078003120124805,0.0262103526700038,0.00609100204001387,0.311306474392948,121.660243944785,27.506544909251,1455.85631217961,2.16350083502974,1.51006688290027,3.00873983726209,1.26740848625974,1.06093496309856,1.44283171200124,0.0926570970545971,0.249,0.0912892961419706,0.2965,"metaT","non_core",0
138,22.0236489003858,55,0.0069582504970178,6.73400673400673,0.0134593977792856,6.73400673400673,-0.219031169628977,-0.420846092609875,5.16319736861174,-2.42515985435738,-2.68254773737888,0.544056445493551,1.42799881674552,0.794364321367446,2.71115924108258,0.0749707879696097,0.39525,0.0354492414055326,0.60725,"metaT","non_core",0
142,4.89596287868942,80,0.0005271481286241,1.98209775449064,1.04251510053276,6.73400673400673,0.766494849775186,0.143216570692077,5.76374350770829,-1.67738890510182,-2.44676919181433,-0.697173680009892,0.616663276197797,0.435107357104513,0.888035789599392,0.0455004293262656,0.83475,0.025513342014531,0.83025,"metaT","non_core",0
143,2.69062516312768,49,0.0067943174799258,NA,NA,NA,NA,NA,NA,NA,NA,NA,NA,NA,NA,NA,NA,NA,NA,"metaT","non_core",NA
144,2.6239006682854,84,0.0019463367162519,1.28965684124916,0.705383007399734,3.22122514264838,4.85351520469081,1.17561043448279,190.012586031354,-0.945676207010484,-1.87645172630672,0.83286963935529,0.419497098507093,0.317957488957002,0.520493953453002,0.0631172594308644,0.27675,0.0473332310342912,0.35675,"metaT","non_core",0
145,58.9806302546923,360,0.0006325777543489,1.49314430340165,1.05144086605209,2.35390137536766,0.0571970988203896,-0.131148080875746,0.380162957806181,-1.67417846340549,-2.01874858560823,-1.34674293547312,1.85630632054644,1.5589909111209,2.57954646184052,0.0480677995016202,0.00825,0.267861895381651,0.00025,"metaT","non_core",1
146,13.5033047890107,96,0.0023975065931431,1.36278348159381,0.498655363033285,6.73400673400673,0.096249169643762,-0.234320607510415,1.64175635149575,-1.47415109858782,-2.41958567390301,-0.489280723689893,1.31817168667224,0.971642872638798,2.08197820767384,0.0472878381040162,0.6255,0.0522670899471788,0.24775,"metaT","non_core",0
147,8.68017215405316,72,0.0063291139240506,0.343341636065194,0.0514476759784292,1.24779168978752,7.81948463141705,0.743795817074075,193.524541406444,0.267841542023324,-1.08531179385094,1.82000722775297,0.933233521032548,0.78602447505345,1.07664562789628,0.0447670316825521,0.88775,0.0324928694774966,0.66575,"metaT","non_core",0
148,10.5063989835262,72,0.0040770420357092,1.44778777438517,0.392264158946667,6.73400673400673,0.445347704834008,-0.0620975907853127,164.72515495157,-1.30992872565177,-2.28929858166053,1.30643941118984,1.01051933564747,0.765739320079978,1.44055795996224,0.0620336343199962,0.39575,0.045236772204417,0.35275,"metaT","non_core",0
149,18.0936044682734,205,0.0011070110701107,1.06226935039241,0.659543264887593,1.82260256762387,0.581501557423663,0.134390061187317,2.10920941143341,-1.27263791764229,-1.72951430113881,-0.691335244620159,1.28468125300941,1.12410350381514,1.5475906552361,0.0274409815261739,0.8775,0.0350968575071832,0.53825,"metaT","non_core",0
150,6.90836209409709,83,0.0059660394676457,0.482726039447031,0.171711160830862,0.915283702258022,184.720587027408,65.2111344633581,351.139607158263,1.38059628767603,1.0812841150856,1.52564270064395,0.83533383632385,0.723904048228809,0.941750395774118,0.0670012119148485,0.29125,0.0616765323158842,0.305,"metaT","non_core",0
151,25.7048529703096,63,0.0032855436081242,0.548691730429729,0.104057142600747,3.16655837545816,0.0511277262462448,-0.370065581778799,173.43094583699,-0.717427999139802,-1.96359519804223,2.1707000377127,1.54766561788015,1.10161485515357,2.44046255966749,0.0818932200708752,0.09775,0.0359115271707416,0.50625,"metaT","non_core",0
152,137.347996379083,451,0.0023554603854389,1.03270679803753,0.801024492467355,1.36602274771331,0.948909669699613,0.486527733275528,1.94616972327801,-0.584047904814202,-0.871476013718745,-0.256254691161776,2.10806586784687,2.01116397510523,2.24454735064454,0.0564590066145649,0.00025,0.269180285283581,0.00025,"metaT","non_core",1
155,4424.06205369855,10176,0.000724112961622,1.2845177074763,1.22600490571899,1.34426686523911,0.825908127798541,0.723991987669466,0.94291756334956,-0.547463999938114,-0.601212810006103,-0.492590882585933,3.65135840254608,3.62334650136948,3.6933818117702,0.0185353989334228,0.00025,1.04318832323915,0.00025,"metaT","non_core",1
158,219.671300649144,2563,0.0020681265206812,6.73400673400673,4.61099257646943,6.73400673400673,0.234327499329477,0.172919542218646,0.336300716027915,-2.49817981692185,-2.52624867360166,-2.28547113759577,2.31729358266171,2.18777537925755,2.65018920881143,0.0201369783427879,0.00825,0.240727871443471,0.002,"metaT","non_core",0
168,14.1020318809037,82,0.0033715441672285,3.02794392093073,0.146344167355465,6.73400673400673,-0.168445535548996,-0.371206742274012,1.2577429570199,-2.27341792103863,-2.83423850667678,-0.489051441547523,1.32448819655306,0.769910987509927,2.59204067763345,0.0659544111717335,0.25775,0.0734297196384546,0.12025,"metaT","non_core",0
173,2394.9027384668,23753,0.0011224394350388,4.48995309665666,4.12818548485747,4.90530005909952,0.148447350694766,0.121993146611999,0.176825864078652,-2.18464446115274,-2.23626579890104,-2.1324057304839,3.59169578215271,3.47804802746836,3.95850319101014,0.0150552653973681,0.00025,1.35093949856245,0.00025,"metaT","non_core",1
175,28409.5056343015,10754,0.0010137581462708,1.21838705111619,1.1668560229227,1.27221753859804,0.524000316568118,0.449617846760809,0.605369707567388,0.105696249314377,0.0559570321827497,0.156952557552985,4.50038439564009,4.45266766837321,4.59080251627018,0.0180446191670318,0.00025,1.07555054817359,0.00025,"metaT","non_core",1
178,38.9087334754365,83,0.0037693177534866,0.99213638601984,0.274318256663916,6.30385992677508,0.00540239369764484,-0.31546204603084,3.71767366471468,-1.12551138519871,-2.24270756721389,0.362853292569745,1.59550619079322,1.17117311377708,2.45437033021086,0.0448096484889684,0.78575,0.0188406277710092,0.93025,"metaT","non_core",0
180,350.042836151936,976,0.0013349352556401,6.73400673400673,3.55048944810627,6.73400673400673,-0.105241151820806,-0.171196785718364,0.00194365545123534,-2.7591558849762,-2.80406746590799,-2.3979804480002,2.31163354351383,1.94604688788814,3.18899299384164,0.056282314431092,0.00025,1.17804429485086,0.00025,"metaT","non_core",1
188,13351.4512395712,35013,0.0007679901697258,1.47143630952215,1.42620231424141,1.52028694847377,0.103888004179213,0.079509375671724,0.129060049749322,-1.17616645637906,-1.20617104783931,-1.14572450067472,4.37941690464636,4.24721057713922,4.76897761795068,0.00977192048922737,0.00025,0.564549893570067,0.00025,"metaT","non_core",1
189,776.169473876511,4265,0.0009004640853362,2.93622853686622,2.63932742641591,3.33771936129537,0.600079170849376,0.495459805694257,0.714055324799427,-1.43942687862233,-1.53324265885453,-1.35349604254715,2.87810275280141,2.82632024845501,2.98152888649182,0.0164848019999112,0.002,0.184625647754743,0.00175,"metaT","non_core",0
191,1292.77409876211,5937,0.0012830382345393,0.524155918180803,0.475038508655683,0.576717717025764,0.354072182110641,0.248981230130614,0.48741476708712,-0.789694421134284,-0.883164992573802,-0.690816571735768,3.17910469231575,3.0905525836922,3.38712066347261,0.0334282460445897,0.00025,2.34709341747208,0.00025,"metaT","non_core",1
193,1167.60514461519,5632,0.0009222256378727,2.09499404703118,1.94275832027105,2.2728401525036,1.01434767703858,0.874073181858893,1.1733093685606,-1.01637387664415,-1.09124446025225,-0.943400536750231,3.04906866068748,3.02204076669246,3.08643946755746,0.027026515548939,0.00025,1.22548116040732,0.00025,"metaT","non_core",1
194,3325.66690410479,17756,0.0011996161228406,1.15072623126717,1.09004154206678,1.21415013028042,0.0741660371667636,0.038965871749603,0.112581347643395,-1.32462605668312,-1.3729758705375,-1.27716974852024,3.88982429195117,3.72282103621826,4.39615393910394,0.0476244317269668,0.00025,15.3700231846545,0.00025,"metaT","non_core",1
196,6446.15550030833,10053,0.0008271982794275,0.895633180851997,0.858753970915434,0.935292122647156,0.741062406665736,0.632859258007746,0.860272468139478,-0.294510387732319,-0.352445996175805,-0.237601549221462,3.79103026106865,3.75644869675658,3.84715994156901,0.0223315183767035,0.00025,1.59757466691569,0.00025,"metaT","non_core",1
201,2253.80347083795,8636,0.0010999371464487,2.05325241840458,1.87774522867914,2.26390157610576,-0.0772846278618626,-0.11263785278338,-0.0393899436226674,-1.66528525550162,-1.73547373125925,-1.59773991418332,3.89933787931692,3.59827282178902,4.81132676987956,0.0261179941926915,0.00025,1.61249012482387,0.00025,"metaT","non_core",1
205,15943.8727997829,40214,0.0007528986598403,1.39107609492397,1.34621147815049,1.43826881937343,-0.0858217733857376,-0.102955554754988,-0.0674969018269312,-1.34252893558099,-1.37149408042262,-1.3142299328681,4.84537457622732,4.55698570359807,5.65601830696849,0.0174846164311303,0.00025,4.40112715699576,0.00025,"metaT","non_core",1
206,1268.64203467818,2690,0.0014682131845544,0.786997315983072,0.723213311033331,0.854887413412147,1.64543155674381,1.23513306280573,2.27841700585513,-0.0240246982438662,-0.152195474368807,0.128442853464722,3.09118192873408,3.05888611926983,3.12997932703447,0.0362619296289933,0.00025,0.702823303358892,0.00025,"metaT","non_core",1
208,35.1060033234322,356,0.0010474494605635,6.73400673400673,3.05460873108485,6.73400673400673,-0.00567946741809755,-0.121169258645863,0.226256859094852,-2.65824915552579,-2.72894732553878,-2.17708732645224,1.64494433866677,1.31774645676146,2.43185961113093,0.0610281696992885,0.004,0.202537327341427,0.0055,"metaT","non_core",0
209,2264.14001363651,4275,0.0012402331638348,0.717172632261863,0.665381105961257,0.773346442547042,0.638806213597142,0.488047310576649,0.842783667782622,-0.336554951587312,-0.428229453240465,-0.237462141078108,3.3497956459772,3.2930733372731,3.45049266070223,0.038518147828433,0.00025,1.74124941332153,0.00025,"metaT","non_core",1
210,473.219996457154,1262,0.001810282404055,0.592722752986603,0.504007583767194,0.694233510071429,0.958228993338145,0.586525627188703,1.63766818949974,-0.263401991161494,-0.459421666849302,-0.0295006954688396,2.65055443699763,2.58117573107782,2.75226044920378,0.0400711372237586,0.00025,0.654109093184483,0.00025,"metaT","non_core",1
